amp-wp-title,amp-wp-title href,large-screen-excerpt
Pune to Dadar,https://bustimings.in/msrtc/pune-dadar/amp/,
Shirdi to Nasik,https://bustimings.in/msrtc/shirdi-nasik/amp/,Dep. Time Route Name Bus service type 07:00 SHIRDI to PAREL SEMI LUXURY 08:00 SHIRDI to BOISAR ORDINARY EXPRESS 09:30…
Mumbai to Pune,https://bustimings.in/msrtc/mumbai-pune/amp/,From Stop To Stop Bus Service Timings MCT via NEW SHIVAJI NAGAR PUNE BHN Ordinary Express 00:01:00 PRL via PANDHARPUR…
Thane to Solapur,https://bustimings.in/msrtc/thane-solapur/amp/,Dep. Time Route Name Bus service type 06:00 THANE CBS to SOLAPUR ORDINARY EXPRESS 06:30 BHIVANDI to SOLAPUR via THANE…
Sangli to Satara,https://bustimings.in/msrtc/sangli-satara/amp/,Dep. Time Route Name Bus service type 05:55 MIRAJ to SATARA ORDINARY EXPRESS 06:45 MIRAJ to SHRIVARDHAN via BORLI ORDINARY…
Yavatmal to Nasik,https://bustimings.in/msrtc/yavatmal-nasik/amp/,"Sorry, no buses found in this route"
Thane to Nandurbar,https://bustimings.in/msrtc/thane-nandurbar/amp/,Dep. Time Route Name Bus service type 07:30 MUMBAI CENTRAL to NANDURBAR ORDINARY EXPRESS 19:00 MUMBAI CENTRAL to AKKALKUWA via…
Yavatmal to Pune,https://bustimings.in/msrtc/yavatmal-pune/amp/,Dep. Time Route Name Bus service type 17:00 YAVATMAL to CHINCHWAD via WASHIM SEMI LUXURY
Hingoli to Jalna,https://bustimings.in/msrtc/hingoli-jalna/amp/,Dep. Time Route Name Bus service type 06:00 KINWAT to CIDCO AURANGABAD ORDINARY EXPRESS 06:00 HINGOLI to SHIVAJI NAGAR PUNE…
Osmanabad to Nanded,https://bustimings.in/msrtc/osmanabad-nanded/amp/,Dep. Time Route Name Bus service type 06:30 PANDHARPUR to BHOKAR via OSMANABAD ORDINARY EXPRESS 06:30 SOLAPUR to BHOKAR ORDINARY…
Parbhani to Nagpur,https://bustimings.in/msrtc/parbhani-nagpur/amp/,Dep. Time Route Name Bus service type 07:20 AMBAJOGAI to NAGPUR ORDINARY EXPRESS 08:00 PARBHANI to NAGPUR SEMI LUXURY 19:30…
Solapur to Yavatmal,https://bustimings.in/msrtc/solapur-yavatmal/amp/,Dep. Time Route Name Bus service type 06:30 PANDHARPUR to YAVATMAL ORDINARY EXPRESS 07:30 PANDHARPUR to NAGPUR SEMI LUXURY 15:00…
Thane to Hingoli,https://bustimings.in/msrtc/thane-hingoli/amp/,"Sorry, no buses found in this route"
Thane to Nasik,https://bustimings.in/msrtc/thane-nasik-2/amp/,Dep. Time Route Name Bus service type 05:15 PAREL to SHIRDI SEMI LUXURY 06:00 MUMBAI CENTRAL to TRIMBAKESHWAR SEMI LUXURY…
Nanded to Sangli,https://bustimings.in/msrtc/nanded-sangli/amp/,Dep. Time Route Name Bus service type 05:30 NANDED to KOLHAPUR via BARSHI ORDINARY EXPRESS
Nanded to Jalna,https://bustimings.in/msrtc/nanded-jalna/amp/,Dep. Time Route Name Bus service type 06:15 KANDHAR to CIDCO AURANGABAD via NANDED ORDINARY EXPRESS 08:00 DEGLOOR to CIDCO…
Nasik to Washim,https://bustimings.in/msrtc/nasik-washim/amp/,Dep. Time Route Name Bus service type 05:00 NASIK CBS to WASHIM via MEHKAR ORDINARY EXPRESS
Nasik to Kolhapur,https://bustimings.in/msrtc/nasik-kolhapur/amp/,"Dep. Time Route Name Bus service type 20:45 NASIK CBS to KOLHAPUR via SWARGATE, PUNE SEMI LUXURY"
Wardha to Latur,https://bustimings.in/msrtc/wardha-latur/amp/,Dep. Time Route Name Bus service type 07:45 WARDHA to LATUR ORDINARY EXPRESS 11:15 NAGPUR to LATUR via ARNI SEMI…
Jalna to Wardha,https://bustimings.in/msrtc/jalna-wardha/amp/,Dep. Time Route Name Bus service type 05:01 JALNA to WARDHA ORDINARY EXPRESS 06:00 AURANGABAD to NAGPUR via YAVATMAL ORDINARY…
Solapur to Hingoli,https://bustimings.in/msrtc/solapur-hingoli/amp/,Dep. Time Route Name Bus service type 05:00 SOLAPUR to KALAMNOORI DAY ORDINARY 05:30 SOLAPUR to HINGOLI via OSMANABAD DAY…
Satara to Parbhani,https://bustimings.in/msrtc/satara-parbhani/amp/,Dep. Time Route Name Bus service type 06:00 SATARA to JINTOOR DAY ORDINARY
Parbhani to Nasik,https://bustimings.in/msrtc/parbhani-nasik/amp/,Dep. Time Route Name Bus service type 05:30 GANGAKHED to NASIK CBS SEMI LUXURY 18:45 PARBHANI to MUMBAI CENTRAL SEMI…
Yavatmal to Thane,https://bustimings.in/msrtc/yavatmal-thane/amp/,"Sorry, no buses found in this route"
Nasik to Satara,https://bustimings.in/msrtc/nasik-satara/amp/,Dep. Time Route Name Bus service type 03:45 NASIK CBS to MIRAJ SEMI LUXURY 04:45 NASIK CBS to MALKAPUR via…
Chandrapur to Hingoli,https://bustimings.in/msrtc/chandrapur-hingoli/amp/,Dep. Time Route Name Bus service type 07:15 RAJURA to PARALI DAY ORDINARY
Sangli to Latur,https://bustimings.in/msrtc/sangli-latur/amp/,Dep. Time Route Name Bus service type 05:30 SANGLI to LATUR ORDINARY EXPRESS 07:00 KOLHAPUR to LATUR ORDINARY EXPRESS 08:30…
Nagpur to Hingoli,https://bustimings.in/msrtc/nagpur-hingoli/amp/,Dep. Time Route Name Bus service type 07:00 NAGPUR to AMBAJOGAI ORDINARY EXPRESS 20:30 NAGPUR to PARBHANI SEMI LUXURY
Parbhani to Osmanabad,https://bustimings.in/msrtc/parbhani-osmanabad/amp/,Dep. Time Route Name Bus service type 05:45 PARBHANI to OSMANABAD via UPLA DAY ORDINARY 06:30 PARBHANI to TULJAPUR DAY…
Sangli to Nanded,https://bustimings.in/msrtc/sangli-nanded/amp/,"Sorry, no buses found in this route"
Jalna to Sangli,https://bustimings.in/msrtc/jalna-sangli/amp/,Dep. Time Route Name Bus service type 18:00 JALNA to KOLHAPUR NIGHT EXPRESS
Sangli to Parbhani,https://bustimings.in/msrtc/sangli-parbhani/amp/,Dep. Time Route Name Bus service type 08:15 KOLHAPUR to PARBHANI DAY ORDINARY 16:00 KOLHAPUR to HINGOLI SEMI LUXURY 18:00…
Latur to Jalna,https://bustimings.in/msrtc/latur-jalna/amp/,Dep. Time Route Name Bus service type 15:30 LATUR to JALNA ORDINARY EXPRESS 20:00 LATUR to JALGAON SEMI LUXURY
Jalna to Satara,https://bustimings.in/msrtc/jalna-satara/amp/,"Sorry, no buses found in this route"
Washim to Nagpur,https://bustimings.in/msrtc/washim-nagpur/amp/,Dep. Time Route Name Bus service type 05:30 WASHIM to BHANDARA ORDINARY EXPRESS 06:00 AURANGABAD to NAGPUR via YAVATMAL ORDINARY…
Solapur to Dhule,https://bustimings.in/msrtc/solapur-dhule/amp/,Dep. Time Route Name Bus service type 18:00 SOLAPUR to DHULE NIGHT EXPRESS
Washim to Yavatmal,https://bustimings.in/msrtc/washim-yavatmal/amp/,Dep. Time Route Name Bus service type 05:30 CIDCO AURANGABAD to PANDHARKAWADA via LONAR ORDINARY EXPRESS 06:00 AURANGABAD to NAGPUR…
Dhule to Nasik,https://bustimings.in/msrtc/dhule-nasik/amp/,Dep. Time Route Name Bus service type 05:00 BHUSAVAL to BOISAR DAY ORDINARY 05:00 SHAHADA to NASIK CBS ORDINARY EXPRESS…
Nagpur to Yavatmal,https://bustimings.in/msrtc/nagpur-yavatmal/amp/,Dep. Time Route Name Bus service type 05:00 NAGPUR to UMARKHED via JAWALA ORDINARY EXPRESS 05:30 TIRODA to YAVATMAL ORDINARY…
Kolhapur to Jalna,https://bustimings.in/msrtc/kolhapur-jalna/amp/,Dep. Time Route Name Bus service type 18:45 KOLHAPUR to JALNA NIGHT EXPRESS
Solapur to Osmanabad,https://bustimings.in/msrtc/solapur-osmanabad/amp/,Dep. Time Route Name Bus service type 06:45 KOLHAPUR to OSMANABAD via SOLAPUR DAY ORDINARY 07:00 SOLAPUR to JALGAON ORDINARY…
Latur to Kolhapur,https://bustimings.in/msrtc/latur-kolhapur/amp/,Dep. Time Route Name Bus service type 08:30 LATUR to KOLHAPUR ORDINARY EXPRESS 11:00 LATUR to KOLHAPUR SEMI LUXURY 20:30…
Wardha to Washim,https://bustimings.in/msrtc/wardha-washim/amp/,Dep. Time Route Name Bus service type 06:00 NAGPUR to AURANGABAD via YAVATMAL ORDINARY EXPRESS 07:15 NAGPUR to PARTUR via…
Washim to Wardha,https://bustimings.in/msrtc/washim-wardha/amp/,Dep. Time Route Name Bus service type 06:00 AURANGABAD to NAGPUR via YAVATMAL ORDINARY EXPRESS
Parbhani to Jalna,https://bustimings.in/msrtc/parbhani-jalna/amp/,Dep. Time Route Name Bus service type 05:30 PARBHANI to AURANGABAD DAY ORDINARY 06:15 KANDHAR to CIDCO AURANGABAD via NANDED…
Jalna to Solapur,https://bustimings.in/msrtc/jalna-solapur/amp/,Dep. Time Route Name Bus service type 07:45 JALNA to AKKALKOT ORDINARY EXPRESS
Washim to Nasik,https://bustimings.in/msrtc/washim-nasik/amp/,Dep. Time Route Name Bus service type 08:46 WASHIM to NASIK CBS via MEHKAR ORDINARY EXPRESS
Osmanabad to Sangli,https://bustimings.in/msrtc/osmanabad-sangli/amp/,Dep. Time Route Name Bus service type 08:15 OSMANABAD to KOLHAPUR DAY ORDINARY 16:00 OSMANABAD to PANJIM via SOLAPUR SEMI…
Hingoli to Nasik,https://bustimings.in/msrtc/hingoli-nasik/amp/,Dep. Time Route Name Bus service type 07:15 KALAMNOORI to NASIK CBS via AURANGABAD DAY ORDINARY 15:00 PUSAD to MUMBAI…
Hingoli to Wardha,https://bustimings.in/msrtc/hingoli-wardha/amp/,Dep. Time Route Name Bus service type 07:20 AMBAJOGAI to NAGPUR ORDINARY EXPRESS 08:00 PARBHANI to NAGPUR SEMI LUXURY 19:30…
Dhule to Shirdi,https://bustimings.in/msrtc/dhule-shirdi/amp/,Dep. Time Route Name Bus service type 05:00 NANDURBAR to PANDHARPUR ORDINARY EXPRESS 05:00 DHULE to SHIVAJI NAGAR PUNE ORDINARY…
Shirdi to Sangli,https://bustimings.in/msrtc/shirdi-sangli/amp/,Dep. Time Route Name Bus service type 05:45 KOKAMTHAN to SANGLI ORDINARY EXPRESS
Osmanabad to Dhule,https://bustimings.in/msrtc/osmanabad-dhule/amp/,"Sorry, no buses found in this route"
Osmanabad to Latur,https://bustimings.in/msrtc/osmanabad-latur/amp/,Dep. Time Route Name Bus service type 06:30 PANDHARPUR to BHOKAR via OSMANABAD ORDINARY EXPRESS 06:30 SOLAPUR to BHOKAR ORDINARY…
Yavatmal to Nagpur,https://bustimings.in/msrtc/yavatmal-nagpur/amp/,Dep. Time Route Name Bus service type 05:30 MAHUR to TUMSAR ORDINARY EXPRESS 05:30 YAVATMAL to NAGPUR ORDINARY EXPRESS 05:45…
Yavatmal to Parbhani,https://bustimings.in/msrtc/yavatmal-parbhani/amp/,Dep. Time Route Name Bus service type 07:00 NAGPUR to AMBAJOGAI ORDINARY EXPRESS 07:15 RAJURA to PARALI DAY ORDINARY 20:30…
Shirdi to Latur,https://bustimings.in/msrtc/shirdi-latur/amp/,Dep. Time Route Name Bus service type 07:00 SHIRDI to NILANGA via AMBAJOGAI ORDINARY EXPRESS
Parbhani to Sangli,https://bustimings.in/msrtc/parbhani-sangli/amp/,Dep. Time Route Name Bus service type 05:00 PARBHANI to KOLHAPUR DAY ORDINARY 11:45 HINGOLI to KOLHAPUR SEMI LUXURY 17:00…
Nanded to Wardha,https://bustimings.in/msrtc/nanded-wardha/amp/,Dep. Time Route Name Bus service type 05:00 NANDED to NAGPUR via DIGRAS DAY ORDINARY 06:00 NANDED to NAGPUR via…
Osmanabad to Nagpur,https://bustimings.in/msrtc/osmanabad-nagpur/amp/,Dep. Time Route Name Bus service type 07:30 PANDHARPUR to NAGPUR SEMI LUXURY
Washim to Shirdi,https://bustimings.in/msrtc/washim-shirdi/amp/,Dep. Time Route Name Bus service type 08:30 WASHIM to SHIRDI ORDINARY EXPRESS 09:45 MANGRULPIR to SHIRDI ORDINARY EXPRESS
Washim to Latur,https://bustimings.in/msrtc/washim-latur/amp/,Dep. Time Route Name Bus service type 07:30 AKOLA to AUSA ORDINARY EXPRESS 07:30 AMRAVATI to AUSA via NANDED ORDINARY…
Osmanabad to Solapur,https://bustimings.in/msrtc/osmanabad-solapur/amp/,Dep. Time Route Name Bus service type 07:00 YERMALA to SOLAPUR DAY ORDINARY 13:30 YERMALA to SOLAPUR DAY ORDINARY
Dhule to Pune,https://bustimings.in/msrtc/dhule-pune/amp/,Dep. Time Route Name Bus service type 05:00 DHULE to SHIVAJI NAGAR PUNE ORDINARY EXPRESS 05:30 DHULE to CHINCHWAD via…
Latur to Yavatmal,https://bustimings.in/msrtc/latur-yavatmal/amp/,Dep. Time Route Name Bus service type 06:30 PANDHARPUR to YAVATMAL ORDINARY EXPRESS 07:15 LATUR to WARDHA ORDINARY EXPRESS 09:00…
Parbhani to Hingoli,https://bustimings.in/msrtc/parbhani-hingoli/amp/,Dep. Time Route Name Bus service type 05:00 BEED to KINWAT ORDINARY EXPRESS 06:00 TARAKPUR to UMARKHED via MAJALGAON ORDINARY…
Parbhani to Satara,https://bustimings.in/msrtc/parbhani-satara/amp/,Dep. Time Route Name Bus service type 07:00 JINTOOR to SATARA DAY ORDINARY
Satara to Ratnagiri,https://bustimings.in/msrtc/satara-ratnagiri/amp/,Dep. Time Route Name Bus service type 07:15 SATARA to RATNAGIRI DAY ORDINARY
Jalna to Parbhani,https://bustimings.in/msrtc/jalna-parbhani/amp/,Dep. Time Route Name Bus service type 06:30 BHUSAVAL to NANDED ORDINARY EXPRESS 07:00 CIDCO AURANGABAD to DHARMABAD ORDINARY EXPRESS…
Latur to Shirdi,https://bustimings.in/msrtc/latur-shirdi/amp/,"Sorry, no buses found in this route"
Satara to Nanded,https://bustimings.in/msrtc/satara-nanded/amp/,Dep. Time Route Name Bus service type 07:30 SATARA to NANDED ORDINARY EXPRESS
Jalna to Washim,https://bustimings.in/msrtc/jalna-washim/amp/,Dep. Time Route Name Bus service type 04:30 CIDCO AURANGABAD to WASHIM via RISOD ORDINARY EXPRESS 05:00 NASIK CBS to…
Gadchiroli to Chandrapur,https://bustimings.in/msrtc/gadchiroli-chandrapur/amp/,Dep. Time Route Name Bus service type 06:30 GADCHIROLI to CHANDRAPUR via UPARI ORDINARY EXPRESS 06:45 GADCHIROLI to UMARKHED ORDINARY…
Ratnagiri to Satara,https://bustimings.in/msrtc/ratnagiri-satara/amp/,"Dep. Time Route Name Bus service type 06:00 RATNAGIRI to PUNE RLY. STN. SEMI LUXURY 11:00 RATNAGIRI to SWARGATE, PUNE…"
Kolhapur to Sangli,https://bustimings.in/msrtc/kolhapur-sangli/amp/,Dep. Time Route Name Bus service type 07:00 KOLHAPUR to ATPADI DAY ORDINARY 10:50 KOLHAPUR to ATPADI DAY ORDINARY 11:40…
Washim to Hingoli,https://bustimings.in/msrtc/washim-hingoli/amp/,Dep. Time Route Name Bus service type 05:30 AMRAVATI to KANDHAR ORDINARY EXPRESS 06:00 AMRAVATI to PANDHARPUR DAY ORDINARY 06:30…
Washim to Pune,https://bustimings.in/msrtc/washim-pune/amp/,Dep. Time Route Name Bus service type 08:30 PUSAD to CHINCHWAD ORDINARY EXPRESS 17:00 YAVATMAL to CHINCHWAD via WASHIM SEMI…
Latur to Parbhani,https://bustimings.in/msrtc/latur-parbhani/amp/,Dep. Time Route Name Bus service type 05:30 LATUR to KALAMNOORI DAY ORDINARY 05:30 LATUR to PARBHANI via AMBAJOGAI ORDINARY…
Solapur to Ratnagiri,https://bustimings.in/msrtc/solapur-ratnagiri/amp/,Dep. Time Route Name Bus service type 17:45 AKKALKOT MANDIR to RAHATAGHAR NIGHT EXPRESS
Satara to Kolhapur,https://bustimings.in/msrtc/satara-kolhapur/amp/,Dep. Time Route Name Bus service type 04:00 PUNE RLY. STN. to SAWANTWADI DAY ORDINARY 06:30 PHALTAN to JYOTIBA ORDINARY…
Kolhapur to Thane,https://bustimings.in/msrtc/kolhapur-thane/amp/,Dep. Time Route Name Bus service type 06:15 KOLHAPUR to BOISAR via HIGHWAY DAY ORDINARY 08:15 KOLHAPUR to NALASOPARA via…
Solapur to Nanded,https://bustimings.in/msrtc/solapur-nanded/amp/,Dep. Time Route Name Bus service type 06:00 SOLAPUR to NANDED via AUSA ORDINARY EXPRESS 06:30 PANDHARPUR to BHOKAR via…
Latur to Satara,https://bustimings.in/msrtc/latur-satara/amp/,Dep. Time Route Name Bus service type 06:15 AUSA to SATARA via BARSHI ORDINARY EXPRESS 07:00 LATUR to MEDHA DAY…
Thane to Pune,https://bustimings.in/msrtc/thane-pune/amp/,Dep. Time Route Name Bus service type 05:15 THANE CBS to PANDHARPUR via CHINCHWAD DAY ORDINARY 06:00 THANE CBS to…
Latur to Ratnagiri,https://bustimings.in/msrtc/latur-ratnagiri/amp/,"Sorry, no buses found in this route"
Yavatmal to Washim,https://bustimings.in/msrtc/yavatmal-washim/amp/,Dep. Time Route Name Bus service type 06:00 NAGPUR to AURANGABAD via YAVATMAL ORDINARY EXPRESS 06:45 CHANDRAPUR to RISOD DAY…
Sangli to Jalna,https://bustimings.in/msrtc/sangli-jalna/amp/,Dep. Time Route Name Bus service type 18:45 KOLHAPUR to JALNA NIGHT EXPRESS
Parbhani to Nanded,https://bustimings.in/msrtc/parbhani-nanded/amp/,Dep. Time Route Name Bus service type 07:00 CIDCO AURANGABAD to DHARMABAD ORDINARY EXPRESS 09:00 PARBHANI to HYDERABAD DAY ORDINARY
Palghar to Pune,https://bustimings.in/msrtc/palghar-pune/amp/,"Dep. Time Route Name Bus service type 08:45 PALGHAR to SWARGATE, PUNE via THANE SEMI LUXURY 12:30 PALGHAR to SWARGATE,…"
Thane to Sangli,https://bustimings.in/msrtc/thane-sangli/amp/,Dep. Time Route Name Bus service type 06:45 THANE CBS to MIRAJ via RABALE ORDINARY EXPRESS
Satara to Nasik,https://bustimings.in/msrtc/satara-nasik/amp/,Dep. Time Route Name Bus service type 06:00 MIRAJ to NASIK CBS SEMI LUXURY 06:45 PALUS to NASIK CBS ORDINARY…
Pune to Washim,https://bustimings.in/msrtc/pune-washim/amp/,Dep. Time Route Name Bus service type 06:45 CHINCHWAD to PUSAD ORDINARY EXPRESS 14:30 CHINCHWAD to YAVATMAL via WASHIM SEMI…
Dhule to Yavatmal,https://bustimings.in/msrtc/dhule-yavatmal/amp/,Dep. Time Route Name Bus service type 08:00 DHULE to YAVATMAL ORDINARY EXPRESS
Nasik to Hingoli,https://bustimings.in/msrtc/nasik-hingoli/amp/,Dep. Time Route Name Bus service type 04:00 NASIK CBS to KALAMNOORI via AURANGABAD DAY ORDINARY 15:30 MUMBAI CENTRAL to…
Wardha to Nanded,https://bustimings.in/msrtc/wardha-nanded/amp/,Dep. Time Route Name Bus service type 05:00 NAGPUR to KANDHAR ORDINARY EXPRESS 06:30 NAGPUR to NANDED via DIGRAS SEMI…
Parbhani to Pune,https://bustimings.in/msrtc/parbhani-pune/amp/,Dep. Time Route Name Bus service type 05:00 PARBHANI to SHIVAJI NAGAR PUNE DAY ORDINARY 08:15 BASMAT to CHINCHWAD via…
Solapur to Wardha,https://bustimings.in/msrtc/solapur-wardha/amp/,Dep. Time Route Name Bus service type 07:30 PANDHARPUR to NAGPUR SEMI LUXURY 15:00 SOLAPUR to NAGPUR SEMI LUXURY
Yavatmal to Wardha,https://bustimings.in/msrtc/yavatmal-to-wardha/amp/,Dep. Time Route Name Bus service type 05:30 MAHUR to TUMSAR ORDINARY EXPRESS 05:30 YAVATMAL to NAGPUR ORDINARY EXPRESS 05:45…
Pune to Hingoli,https://bustimings.in/msrtc/pune-hingoli/amp/,Dep. Time Route Name Bus service type 05:00 CHINCHWAD to KALAMNOORI DAY ORDINARY 09:00 CHINCHWAD to KALAMNOORI DAY ORDINARY 10:30…
Thane to Nasik,https://bustimings.in/msrtc/thane-nasik/amp/,Dep. Time Route Name Bus service type 05:15 PAREL to SHIRDI SEMI LUXURY 06:00 MUMBAI CENTRAL to TRIMBAKESHWAR SEMI LUXURY…
Osmanabad to Pune,https://bustimings.in/msrtc/osmanabad-pune/amp/,"Dep. Time Route Name Bus service type 06:00 OSMANABAD to SWARGATE, PUNE via YAVAT ORDINARY EXPRESS 07:00 OSMANABAD to MUMBAI…"
Nandurbar to Nasik,https://bustimings.in/msrtc/nandurbar-nasik/amp/,Dep. Time Route Name Bus service type 05:00 NANDURBAR to SHIVAJI NAGAR PUNE via DAPODI ORDINARY EXPRESS 05:30 NANDURBAR to…
Thane to Dhule,https://bustimings.in/msrtc/thane-dhule/amp/,Dep. Time Route Name Bus service type 06:30 THANE CBS to SHEGAON via DHULE ORDINARY EXPRESS 08:00 MUMBAI CENTRAL to…
Sangli to Ratnagiri,https://bustimings.in/msrtc/sangli-ratnagiri/amp/,Dep. Time Route Name Bus service type 06:00 TASGAON to RATNAGIRI DAY ORDINARY 07:30 MIRAJ to GANPATIPULE via ARE WARE…
RATNAGIRI to SANGLI,https://bustimings.in/msrtc/ratnagiri-sangli/amp/,Dep. Time Route Name Bus service type 05:30 RATNAGIRI to JAT via SANGLI ORDINARY EXPRESS 13:30 RATNAGIRI to TASGAON DAY…
NANDED to WASHIM,https://bustimings.in/msrtc/nanded-washim/amp/,Dep. Time Route Name Bus service type 05:15 NANDED to AKOLA ORDINARY EXPRESS 06:00 HYDERABAD to AKOLA DAY ORDINARY 06:30…
NASIK to THANE,https://bustimings.in/msrtc/nasik-thane/amp/,Dep. Time Route Name Bus service type 07:00 SHIRDI to PAREL SEMI LUXURY 07:16 TRIMBAKESHWAR to MUMBAI CENTRAL SEMI LUXURY…
SANGLI to THANE,https://bustimings.in/msrtc/sangli-thane/amp/,"Dep. Time Route Name Bus service type 08:30 MIRAJ to BORIVALI NANCY COLONY via SWARGATE, PUNE SEMI LUXURY 09:15 MIRAJ…"
SOLAPUR to SHIRDI,https://bustimings.in/msrtc/solapur-shirdi/amp/,Dep. Time Route Name Bus service type 05:30 SOLAPUR to MALEGAON SEMI LUXURY 08:45 SOLAPUR to NASIK CBS via SHIRDI…
NANDED to YAVATMAL,https://bustimings.in/msrtc/nanded-yavatmal/amp/,Dep. Time Route Name Bus service type 05:00 NANDED to NAGPUR via DIGRAS DAY ORDINARY 06:00 NANDED to NAGPUR via…
Latur to Hingoli,https://bustimings.in/msrtc/latur-hingoli/amp/,Dep. Time Route Name Bus service type 05:00 LATUR to AMRAVATI via AHMADPUR ORDINARY EXPRESS 05:30 LATUR to KALAMNOORI DAY…
Washim to Dhule,https://bustimings.in/msrtc/washim-dhule/amp/,Dep. Time Route Name Bus service type 07:14 KARANJA to DHULE via RISOD DAY ORDINARY
Solapur to Satara,https://bustimings.in/msrtc/solapur-satara/amp/,Dep. Time Route Name Bus service type 07:00 AKKALKOT MANDIR to MAHAD via SATARA ORDINARY EXPRESS 07:30 SOLAPUR to SATARA…
Sangli to Shirdi,https://bustimings.in/msrtc/sangli-shirdi/amp/,Dep. Time Route Name Bus service type 05:45 SANGLI to KOKAMTHAN ORDINARY EXPRESS
Satara to Solapur,https://bustimings.in/msrtc/satara-solapur/amp/,Dep. Time Route Name Bus service type 05:30 SATARA to SOLAPUR via KHATAV ORDINARY EXPRESS 06:15 WAI to SOLAPUR ORDINARY…
Parbhani to Thane,https://bustimings.in/msrtc/parbhani-thane/amp/,Dep. Time Route Name Bus service type Quota Type 18:45 PARBHANI to MUMBAI CENTRAL SEMI LUXURY General
Sangli to Nasik,https://bustimings.in/msrtc/sangli-nasik/amp/,Dep. Time Route Name Bus service type 05:00 SANGLI to NASIK CBS via SHIVAJI NAGAR PUNE SEMI LUXURY 06:00 MIRAJ…
Jalna to Shirdi,https://bustimings.in/msrtc/jalna-shirdi/amp/,Dep. Time Route Name Bus service type 07:00 KARANJA to SHIRDI ORDINARY EXPRESS 08:30 WASHIM to SHIRDI ORDINARY EXPRESS 09:45…
Yavatmal to Jalna,https://bustimings.in/msrtc/yavatmal-jalna/amp/,Dep. Time Route Name Bus service type 06:00 NAGPUR to AURANGABAD via YAVATMAL ORDINARY EXPRESS 06:30 YAVATMAL to JALNA ORDINARY…
Solapur to Thane,https://bustimings.in/msrtc/solapur-thane/amp/,Dep. Time Route Name Bus service type 07:45 SOLAPUR to BORIVALI SUKURWADI SEMI LUXURY 09:30 SOLAPUR to BHIVANDI ORDINARY EXPRESS…
Hingoli to Nagpur,https://bustimings.in/msrtc/hingoli-nagpur/amp/,Dep. Time Route Name Bus service type 07:20 AMBAJOGAI to NAGPUR ORDINARY EXPRESS 08:00 PARBHANI to NAGPUR SEMI LUXURY 19:30…
Yavatmal to Dhule,https://bustimings.in/msrtc/yavatmal-dhule/amp/,Dep. Time Route Name Bus service type 10:00 YAVATMAL to DHULE ORDINARY EXPRESS
Washim to Parbhani,https://bustimings.in/msrtc/washim-parbhani/amp/,Dep. Time Route Name Bus service type 06:00 AMRAVATI to PANDHARPUR DAY ORDINARY 09:15 AKOLA to PANDHARPUR ORDINARY EXPRESS 09:30…
parbhani to kolhapur,https://bustimings.in/msrtc/parbhani-kolhapur/amp/,Dep. Time Route Name Bus service type 05:00 PARBHANI to KOLHAPUR DAY ORDINARY 11:45 HINGOLI to KOLHAPUR SEMI LUXURY 17:00…
sangli to solapur,https://bustimings.in/msrtc/sangli-solapur/amp/,Dep. Time Route Name Bus service type 05:00 SANGLI to HYDERABAD ORDINARY EXPRESS 05:00 KOLHAPUR to SOLAPUR ORDINARY EXPRESS 06:30…
Jalna to Pune,https://bustimings.in/msrtc/jalna-pune/amp/,Dep. Time Route Name Bus service type 06:00 JAFRABAD to SHIVAJI NAGAR PUNE via AURANGABAD ORDINARY EXPRESS 06:00 JALNA to…
Washim to Nanded,https://bustimings.in/msrtc/washim-nanded/amp/,Dep. Time Route Name Bus service type 05:30 AMRAVATI to KANDHAR ORDINARY EXPRESS 06:30 AKOLA to HYDERABAD DAY ORDINARY 07:00…
Wardha to Nagpur,https://bustimings.in/msrtc/wardha-nagpur/amp/,Dep. Time Route Name Bus service type 05:30 MAHUR to TUMSAR ORDINARY EXPRESS 06:00 MAHUR to SAKOLI via WARDHA ORDINARY…
Wardha to Yavatmal,https://bustimings.in/msrtc/wardha-yavatmal/amp/,Dep. Time Route Name Bus service type 05:00 NAGPUR to UMARKHED via JAWALA ORDINARY EXPRESS 05:45 NAGPUR to MAHUR ORDINARY…
Nanded to Satara,https://bustimings.in/msrtc/nanded-satara/amp/,Dep. Time Route Name Bus service type 07:30 NANDED to SATARA ORDINARY EXPRESS
Shirdi to Dhule,https://bustimings.in/msrtc/shirdi-dhule/amp/,Dep. Time Route Name Bus service type 06:00 SHIRDI to BHUSAVAL DAY ORDINARY 14:30 SHIRDI to BHUSAVAL DAY ORDINARY 16:00…
Thane to Shirdi,https://bustimings.in/msrtc/thane-shirdi/amp/,Service No Trip Route Trip Timings Bus Type 5047 NLR - VSP(HIRE) 00:45 → 07:00 SUPER LUXURY 4278 GNT -…
Satara to Latur,https://bustimings.in/msrtc/satara-latur/amp/,Dep. Time Route Name Bus service type 07:30 SATARA to NANDED ORDINARY EXPRESS 09:00 SATARA to AUSA via BARSHI ORDINARY…
Pune to Yavatmal,https://bustimings.in/msrtc/pune-yavatmal/amp/,Dep. Time Route Name Bus service type 14:30 CHINCHWAD to YAVATMAL via WASHIM SEMI LUXURY
Shirdi to Jalna,https://bustimings.in/msrtc/shirdi-jalna/amp/,Dep. Time Route Name Bus service type 06:45 KOPARGAON to MAHUR DAY ORDINARY 08:30 SHIRDI to WASHIM ORDINARY EXPRESS 09:15…
Parbhani to Chandrapur,https://bustimings.in/msrtc/parbhani-chandrapur/amp/,Dep. Time Route Name Bus service type 06:30 PARBHANI to CHANDRAPUR DAY ORDINARY 07:15 PARALI to RAJURA DAY ORDINARY 17:30…
Jalna to Osmanabad,https://bustimings.in/msrtc/jalna-osmanabad/amp/,Dep. Time Route Name Bus service type 07:45 JALNA to AKKALKOT ORDINARY EXPRESS 08:01 SHEGAON to TULJAPUR via BEED DAY…
Nandurbar to Pune,https://bustimings.in/msrtc/nandurbar-pune/amp/,Dep. Time Route Name Bus service type 05:00 NANDURBAR to SHIVAJI NAGAR PUNE via DAPODI ORDINARY EXPRESS 06:30 NANDURBAR to…
Parbhani to Yavatmal,https://bustimings.in/msrtc/parbhani-yavatmal/amp/,Dep. Time Route Name Bus service type 06:30 PARBHANI to CHANDRAPUR DAY ORDINARY 06:30 BEED to YAVATMAL ORDINARY EXPRESS 07:15…
Nasik to Jalna,https://bustimings.in/msrtc/nasik-jalna/amp/,Dep. Time Route Name Bus service type 04:00 NASIK CBS to KALAMNOORI via AURANGABAD DAY ORDINARY 05:45 NASIK CBS to…
Hingoli to Pune,https://bustimings.in/msrtc/hingoli-pune/amp/,Dep. Time Route Name Bus service type 06:00 HINGOLI to SHIVAJI NAGAR PUNE DAY ORDINARY 06:30 KALAMNOORI to CHINCHWAD DAY…
Jalna to Nagpur,https://bustimings.in/msrtc/jalna-nagpur/amp/,Dep. Time Route Name Bus service type 05:50 AURANGABAD to NAGPUR SEMI LUXURY 06:00 AURANGABAD to NAGPUR via YAVATMAL ORDINARY…
Solapur to Jalna,https://bustimings.in/msrtc/solapur-jalna/amp/,Dep. Time Route Name Bus service type 07:00 SOLAPUR to JALGAON ORDINARY EXPRESS 07:45 SOLAPUR to MALKAPUR ORDINARY EXPRESS
Pune to Nanded,https://bustimings.in/msrtc/pune-nanded/amp/,Dep. Time Route Name Bus service type 07:30 SHIVAJI NAGAR PUNE to NANDED ORDINARY EXPRESS 15:15 CHINCHWAD to UMARKHED NIGHT…
Washim to Jalna,https://bustimings.in/msrtc/washim-jalna/amp/,Dep. Time Route Name Bus service type 06:00 WASHIM to CIDCO AURANGABAD via NAVA ORDINARY EXPRESS 06:45 PANDHARKAWADA to CIDCO…
Nagpur to Jalna,https://bustimings.in/msrtc/nagpur-jalna/amp/,Dep. Time Route Name Bus service type 04:30 NAGPUR to AMBAD ORDINARY EXPRESS 04:30 NAGPUR to CIDCO AURANGABAD ORDINARY EXPRESS…
Kolhapur to Osmanabad,https://bustimings.in/msrtc/kolhapur-osmanabad/amp/,Dep. Time Route Name Bus service type 06:45 KOLHAPUR to OSMANABAD DAY ORDINARY 14:30 KOLHAPUR to OSMANABAD DAY ORDINARY 21:00…
Yavatmal to Nanded,https://bustimings.in/msrtc/yavatmal-nanded/amp/,Dep. Time Route Name Bus service type 05:00 NAGPUR to KANDHAR ORDINARY EXPRESS 06:30 YAVATMAL to NANDED ORDINARY EXPRESS 06:30…
Nasik to Pune,https://bustimings.in/msrtc/nasik-pune/amp/,Dep. Time Route Name Bus service type 00:01 NASHIK MELA STAND to SHIVAJI NAGAR PUNE via SANGAMNER BY PASS SEMI…
Solapur to Sangli,https://bustimings.in/msrtc/solapur-sangli/amp/,Dep. Time Route Name Bus service type 04:45 SOLAPUR to KOLHAPUR ORDINARY EXPRESS 06:15 AKKALKOT MANDIR to ISLAMPUR via MIRAJ…
Dhule to Parbhani,https://bustimings.in/msrtc/dhule-parbhani/amp/,"Sorry, no buses found in this route"
Parbhani to Latur,https://bustimings.in/msrtc/parbhani-latur/amp/,Dep. Time Route Name Bus service type 05:30 PARBHANI to LATUR via PALSHI DAY ORDINARY 06:00 PARBHANI to LATUR via…
Satara to Thane,https://bustimings.in/msrtc/satara-thane/amp/,"Dep. Time Route Name Bus service type 08:30 MIRAJ to BORIVALI NANCY COLONY via SWARGATE, PUNE SEMI LUXURY 18:15 MIRAJ…"
Thane to Ratnagiri,https://bustimings.in/msrtc/thane-ratnagiri/amp/,Dep. Time Route Name Bus service type 05:00 BHIVANDI to RATNAGIRI via KHED ORDINARY EXPRESS 07:00 VASAI to RATNAGIRI ORDINARY…
Latur to Nagpur,https://bustimings.in/msrtc/latur-nagpur/amp/,Dep. Time Route Name Bus service type 07:00 LATUR to NAGPUR via ARNI SEMI LUXURY 15:00 SOLAPUR to NAGPUR SEMI…
Solapur to Nasik,https://bustimings.in/msrtc/solapur-nasik/amp/,Dep. Time Route Name Bus service type 06:00 SOLAPUR to NASIK CBS via SANGAMNER ORDINARY EXPRESS 07:30 SOLAPUR to NASIK…
Pune to Satara,https://bustimings.in/msrtc/pune-satara/amp/,Dep. Time Route Name Bus service type 04:00 PUNE RLY. STN. to SAWANTWADI DAY ORDINARY 04:30 BHIVANDI to BIJAPUR ORDINARY…
Solapur to Latur,https://bustimings.in/msrtc/solapur-latur/amp/,Dep. Time Route Name Bus service type 05:30 SANGLI to LATUR ORDINARY EXPRESS 06:00 PANDHARPUR to MUKHED via AUSA ORDINARY…
Nanded to Chandrapur,https://bustimings.in/msrtc/nanded-chandrapur/amp/,Dep. Time Route Name Bus service type 07:00 NANDED to GADCHIROLI DAY ORDINARY
Satara to Pune,https://bustimings.in/msrtc/satara-pune/amp/,"Dep. Time Route Name Bus service type 04:30 KOLHAPUR to AURANGABAD via SWARGATE, PUNE SEMI LUXURY 05:30 SATARA to SWARGATE,…"
Yavatmal to Latur,https://bustimings.in/msrtc/yavatmal-latur/amp/,Dep. Time Route Name Bus service type 07:30 YAVATMAL to PANDHARPUR ORDINARY EXPRESS 07:45 WARDHA to LATUR ORDINARY EXPRESS 08:30…
Sangli to Kolhapur,https://bustimings.in/msrtc/sangli-kolhapur/amp/,"Sorry, no buses found in this route"
Nanded to Solapur,https://bustimings.in/msrtc/nanded-solapur/amp/,Dep. Time Route Name Bus service type 04:45 NANDED to SOLAPUR ORDINARY EXPRESS 07:30 YAVATMAL to PANDHARPUR ORDINARY EXPRESS 07:45…
Solapur to Kolhapur,https://bustimings.in/msrtc/solapur-kolhapur/amp/,Dep. Time Route Name Bus service type 04:45 SOLAPUR to KOLHAPUR ORDINARY EXPRESS 05:30 SOLAPUR to SAMBHAJINAGAR via SANGOLA ORDINARY…
Ratnagiri to Pune,https://bustimings.in/msrtc/ratnagiri-pune/amp/,Dep. Time Route Name Bus service type 06:00 RATNAGIRI to PUNE RLY. STN. SEMI LUXURY 07:45 RATNAGIRI to NIGDI via…
Chandrapur to Nagpur,https://bustimings.in/msrtc/chandrapur-nagpur/amp/,Dep. Time Route Name Bus service type 05:30 RAJURA to NAGPUR ORDINARY EXPRESS 05:30 RAJURA to SAKOLI via NAGPUR ORDINARY…
Nagpur to Wardha,https://bustimings.in/msrtc/nagpur-wardha/amp/,Dep. Time Route Name Bus service type 05:30 TIRODA to YAVATMAL ORDINARY EXPRESS 06:15 GONDIA to YAVATMAL ORDINARY EXPRESS 07:00…
Solapur to Pune,https://bustimings.in/msrtc/solapur-pune/amp/,"Dep. Time Route Name Bus service type 05:00 SOLAPUR to SWARGATE, PUNE ORDINARY EXPRESS 05:15 AKKALKOT to SWARGATE, PUNE ORDINARY…"
Sangli to Pune,https://bustimings.in/msrtc/sangli-pune/amp/,Dep. Time Route Name Bus service type 05:00 SANGLI to NASIK CBS via SHIVAJI NAGAR PUNE SEMI LUXURY 05:00 VISHRAM…
Latur to Nanded,https://bustimings.in/msrtc/latur-nanded/amp/,Dep. Time Route Name Bus service type 04:30 LATUR to NANDED via SHIRUR TAJBAND DAY ORDINARY 05:00 LATUR to AMRAVATI…
Chandrapur to Gadchiroli,https://bustimings.in/msrtc/chandrapur-gadchiroli/amp/,Dep. Time Route Name Bus service type 06:15 CHANDRAPUR to WADSA DAY ORDINARY 06:15 CHANDRAPUR to GADCHIROLI via UPARI DAY…
Nanded to Latur,https://bustimings.in/msrtc/nanded-latur/amp/,Dep. Time Route Name Bus service type 05:15 NANDED to LATUR via SHIRUR TAJBAND DAY ORDINARY 05:45 HADGAON to PANDHARPUR…
Kolhapur to Pune,https://bustimings.in/msrtc/kolhapur-pune/amp/,"Dep. Time Route Name Bus service type 04:30 KOLHAPUR to AURANGABAD via SWARGATE, PUNE SEMI LUXURY 05:01 KOLHAPUR to SWARGATE,…"
Nasik to Nandurbar,https://bustimings.in/msrtc/nasik-nandurbar/amp/,Dep. Time Route Name Bus service type 05:30 NASIK CBS to AKKALKUWA ORDINARY EXPRESS 06:00 NASIK CBS to NANDURBAR via…
Pune to Kolhapur,https://bustimings.in/msrtc/pune-kolhapur/amp/,Dep. Time Route Name Bus service type 04:00 PUNE RLY. STN. to SAWANTWADI DAY ORDINARY 04:30 SHIVAJI NAGAR PUNE to…
Pune to Jalna,https://bustimings.in/msrtc/pune-jalna/amp/,Dep. Time Route Name Bus service type 05:00 CHINCHWAD to KALAMNOORI DAY ORDINARY 05:30 PIMPRI CHINCHVAD to AKOT via AKOLA…
Pune to Osmanabad,https://bustimings.in/msrtc/pune-osmanabad/amp/,Dep. Time Route Name Bus service type 08:00 SHIVAJI NAGAR PUNE to OSMANABAD via YAVAT ORDINARY EXPRESS 09:00 SHIVAJI NAGAR…
Pune to Ratnagiri,https://bustimings.in/msrtc/pune-ratnagiri/amp/,"Dep. Time Route Name Bus service type 05:45 SWARGATE, PUNE to RATNAGIRI DAY ORDINARY 06:45 NIGDI to RATNAGIRI via BHOR…"
Pune to Parbhani,https://bustimings.in/msrtc/pune-parbhani/amp/,Dep. Time Route Name Bus service type 05:30 SHIVAJI NAGAR PUNE to PARBHANI via TISGAON DAY ORDINARY 06:30 SHIVAJI NAGAR…
Pune to Solapur,https://bustimings.in/msrtc/pune-solapur/amp/,"Dep. Time Route Name Bus service type 00:30 SWARGATE, PUNE to SOLAPUR ORDINARY EXPRESS 05:00 SWARGATE, PUNE to SOLAPUR ORDINARY…"
Pune to Dhule,https://bustimings.in/msrtc/pune-dhule/amp/,Dep. Time Route Name Bus service type 05:15 SHIVAJI NAGAR PUNE to AMALNER ORDINARY EXPRESS 06:30 SHIVAJI NAGAR PUNE to…
Kolhapur to Ratnagiri,https://bustimings.in/msrtc/kolhapur-ratnagiri/amp/,Dep. Time Route Name Bus service type 01:00 KOLHAPUR to RAHATAGHAR DAY ORDINARY 05:30 KOLHAPUR to MALGUND ORDINARY EXPRESS 06:00…
Pune to Latur,https://bustimings.in/msrtc/pune-latur/amp/,Dep. Time Route Name Bus service type 00:30 SHIVAJI NAGAR PUNE to LATUR SEMI LUXURY 04:30 SHIVAJI NAGAR PUNE to…
Ratnagiri to Kolhapur,https://bustimings.in/msrtc/ratnagiri-kolhapur/amp/,Dep. Time Route Name Bus service type 07:00 RAHATAGHAR to BELGAUM ORDINARY EXPRESS 08:00 GANPATIPULE to GADHINGLAJ ORDINARY EXPRESS 08:01…
SHIRDI TO WASHIM,https://bustimings.in/msrtc/shirdi-washim/amp/,Dep. Time Route Name Bus service type 08:30 SHIRDI to WASHIM ORDINARY EXPRESS 09:15 SHIRDI to MANGRULPIR ORDINARY EXPRESS
SHIRDI TO PUNE,https://bustimings.in/msrtc/shirdi-pune/amp/,Dep. Time Route Name Bus service type 05:00 SHIRDI to SHIVAJI NAGAR PUNE via LONI SEMI LUXURY 05:45 SHIRDI to…
OSMANABAD TO SHIRDI,https://bustimings.in/msrtc/osmanabad-shirdi/amp/,Dep. Time Route Name Bus service type 17:00 TULJAPUR to NASIK CBS via SHIRDI NIGHT EXPRESS 18:29 TULJAPUR to NASIK…
PALGHAR TO NASIK,https://bustimings.in/msrtc/palghar-nasik/amp/,Dep. Time Route Name Bus service type 06:15 PALGHAR to NASIK CBS via WADA DAY ORDINARY 08:15 PALGHAR to NASIK…
OSMANABAD TO PARBHANI,https://bustimings.in/msrtc/osmanabad-parbhani/amp/,Dep. Time Route Name Bus service type 13:00 OSMANABAD to PARBHANI via UPLA DAY ORDINARY 14:00 TULJAPUR to PARBHANI DAY…
OSMANABAD TO NASIK,https://bustimings.in/msrtc/osmanabad-nasik/amp/,Dep. Time Route Name Bus service type 06:00 TULJAPUR to NASIK CBS via SANGAMNER ORDINARY EXPRESS 08:30 TULJAPUR to NASIK…
OSMANABAD TO KOLHAPUR,https://bustimings.in/msrtc/osmanabad-kolhapur/amp/,Dep. Time Route Name Bus service type 05:30 OSMANABAD to KOLHAPUR via TULJAPUR ORDINARY EXPRESS 08:15 OSMANABAD to KOLHAPUR DAY…
OSMANABAD TO JALNA,https://bustimings.in/msrtc/osmanabad-jalna/amp/,Dep. Time Route Name Bus service type 07:00 TULJAPUR to SHEGAON via BEED ORDINARY EXPRESS
NASIK TO YAVATMAL,https://bustimings.in/msrtc/nasik-yavatmal/amp/,Dep. Time Route Name Bus service type 14:00 MUMBAI CENTRAL to YAVATMAL NIGHT EXPRESS
NASIK TO SOLAPUR,https://bustimings.in/msrtc/nasik-solapur/amp/,Dep. Time Route Name Bus service type 06:00 NASIK CBS to SOLAPUR via KURDUWADI ORDINARY EXPRESS 06:30 NASIK CBS to…
NASIK TO SANGLI,https://bustimings.in/msrtc/nasik-sangli/amp/,Dep. Time Route Name Bus service type 03:45 NASIK CBS to MIRAJ ORDINARY EXPRESS 05:00 NASIK CBS to SANGLI via…
NASIK TO PALGHAR,https://bustimings.in/msrtc/nasik-palghar/amp/,Dep. Time Route Name Bus service type 12:45 NASIK CBS to PALGHAR via WADA DAY ORDINARY 15:00 NASIK CBS to…
NANDURBAR TO SHIRDI,https://bustimings.in/msrtc/nandurbar-shirdi/amp/,Dep. Time Route Name Bus service type 05:00 NANDURBAR to PANDHARPUR ORDINARY EXPRESS 06:30 NANDURBAR to SHIVAJI NAGAR PUNE ORDINARY…
NANDED TO PUNE,https://bustimings.in/msrtc/nanded-pune/amp/,Dep. Time Route Name Bus service type 06:00 NANDED to SHIVAJI NAGAR PUNE ORDINARY EXPRESS 14:00 NANDED to MUMBAI CENTRAL…
NANDED TO OSMANABAD,https://bustimings.in/msrtc/nanded-osmanabad/amp/,Dep. Time Route Name Bus service type 04:45 NANDED to SOLAPUR ORDINARY EXPRESS 10:00 NANDED to SOLAPUR ORDINARY EXPRESS 11:00…
NANDED TO NAGPUR,https://bustimings.in/msrtc/nanded-nagpur/amp/,Dep. Time Route Name Bus service type 06:00 NANDED to NAGPUR via DIGRAS SEMI LUXURY 07:00 NANDED to NAGPUR ORDINARY…
NANDED TO HINGOLI,https://bustimings.in/msrtc/nanded-hingoli/amp/,Dep. Time Route Name Bus service type 05:00 LATUR to AMRAVATI via AHMADPUR ORDINARY EXPRESS 05:15 NANDED to AKOLA ORDINARY…
NAGPUR TO WASHIM,https://bustimings.in/msrtc/nagpur-washim/amp/,Dep. Time Route Name Bus service type 06:00 NAGPUR to AURANGABAD via YAVATMAL ORDINARY EXPRESS 06:00 GONDIA to LONAR via…
NAGPUR TO SOLAPUR,https://bustimings.in/msrtc/nagpur-solapur/amp/,Dep. Time Route Name Bus service type 16:00 NAGPUR to SOLAPUR SEMI LUXURY 22:16 NAGPUR to PANDHARPUR SEMI LUXURY
NAGPUR TO PARBHANI,https://bustimings.in/msrtc/nagpur-parbhani/amp/,Dep. Time Route Name Bus service type 07:00 NAGPUR to AMBAJOGAI ORDINARY EXPRESS 08:00 NAGPUR to PARBHANI SEMI LUXURY 08:30…
NAGPUR TO NANDED,https://bustimings.in/msrtc/nagpur-nanded/amp/,Dep. Time Route Name Bus service type 05:00 NAGPUR to KANDHAR ORDINARY EXPRESS 06:30 NAGPUR to NANDED via DIGRAS SEMI…
NAGPUR TO LATUR,https://bustimings.in/msrtc/nagpur-latur/amp/,Dep. Time Route Name Bus service type 16:00 NAGPUR to SOLAPUR SEMI LUXURY 18:30 NAGPUR to LATUR via PUSAD NIGHT…
NAGPUR TO CHANDRAPUR,https://bustimings.in/msrtc/nagpur-chandrapur/amp/,Dep. Time Route Name Bus service type 05:46 NAGPUR to RAJURA DAY ORDINARY 05:50 NAGPUR to CHANDRAPUR ORDINARY EXPRESS 06:15…
MUMBAI CENTRAL TO SOLAPUR,https://bustimings.in/msrtc/mumbai-central-solapur/amp/,# Dep. Time Route Name Bus service type 1 08:00 MUMBAI CENTRAL to SOLAPUR ORDINARY EXPRESS 2 10:00 MUMBAI CENTRAL…
LATUR TO WASHIM,https://bustimings.in/msrtc/latur-washim/amp/,Dep. Time Route Name Bus service type 07:30 AUSA to AMRAVATI via NANDED ORDINARY EXPRESS 08:30 AUSA to AKOLA ORDINARY…
LATUR TO WARDHA,https://bustimings.in/msrtc/latur-wardha/amp/,Dep. Time Route Name Bus service type 07:15 LATUR to WARDHA ORDINARY EXPRESS 15:00 SOLAPUR to NAGPUR SEMI LUXURY 18:30…
LATUR TO SOLAPUR,https://bustimings.in/msrtc/latur-solapur/amp/,Dep. Time Route Name Bus service type 04:45 NANDED to SOLAPUR ORDINARY EXPRESS 06:45 LATUR to SOLAPUR DAY ORDINARY 07:00…
LATUR TO SANGLI,https://bustimings.in/msrtc/latur-sangli/amp/,Dep. Time Route Name Bus service type 07:15 LATUR to ICHALKARANJI via SOLAPUR ORDINARY EXPRESS 08:30 LATUR to KOLHAPUR SEMI…
LATUR TO PUNE,https://bustimings.in/msrtc/latur-pune/amp/,Dep. Time Route Name Bus service type 05:30 LATUR to SHIVAJI NAGAR PUNE SEMI LUXURY 06:00 NILANGA to CHINCHWAD ORDINARY…
LATUR TO OSMANABAD,https://bustimings.in/msrtc/latur-osmanabad/amp/,Dep. Time Route Name Bus service type 04:45 NANDED to SOLAPUR ORDINARY EXPRESS 10:00 NANDED to SOLAPUR ORDINARY EXPRESS 11:00…
LATUR TO NASIK,https://bustimings.in/msrtc/latur-nasik/amp/,Dep. Time Route Name Bus service type 07:00 LATUR to NASIK via AMBAJOGAI ORDINARY EXPRESS
KOLHAPUR TO SOLAPUR,https://bustimings.in/msrtc/kolhapur-solapur/amp/,Dep. Time Route Name Bus service type 05:15 SAMBHAJINAGAR to SOLAPUR via SANGOLA ORDINARY EXPRESS 05:30 SAMBHAJINAGAR to SOLAPUR ORDINARY…
KOLHAPUR TO PARBHANI,https://bustimings.in/msrtc/kolhapur-parbhani/amp/,Dep. Time Route Name Bus service type 08:15 KOLHAPUR to PARBHANI DAY ORDINARY 16:00 KOLHAPUR to HINGOLI SEMI LUXURY 18:00…
KOLHAPUR TO NASIK,https://bustimings.in/msrtc/kolhapur-nasik/amp/,Dep. Time Route Name Bus service type 05:30 KOLHAPUR to NASIK CBS ORDINARY EXPRESS 11:00 KOLHAPUR to NASIK CBS via…
KOLHAPUR TO NANDED,https://bustimings.in/msrtc/kolhapur-nanded/amp/,Dep. Time Route Name Bus service type 06:00 KOLHAPUR to NANDED via BARSHI ORDINARY EXPRESS 18:00 SAMBHAJINAGAR to UMARKHED via…
JALNA TO NASIK,https://bustimings.in/msrtc/jalna-nasik/amp/,Dep. Time Route Name Bus service type 08:46 WASHIM to NASIK CBS via MEHKAR ORDINARY EXPRESS 09:00 YAVATMAL to MUMBAI…
JALNA TO NANDED,https://bustimings.in/msrtc/jalna-nanded/amp/,Dep. Time Route Name Bus service type 06:30 BHUSAVAL to NANDED ORDINARY EXPRESS 07:00 CIDCO AURANGABAD to DHARMABAD ORDINARY EXPRESS…
JALNA TO LATUR,https://bustimings.in/msrtc/jalna-latur/amp/,Dep. Time Route Name Bus service type 05:30 JALNA to KALABURAGI ORDINARY EXPRESS 07:15 JALNA to LATUR ORDINARY EXPRESS 08:30…
JALNA TO HINGOLI,https://bustimings.in/msrtc/jalna-hingoli/amp/,Dep. Time Route Name Bus service type 06:00 CIDCO AURANGABAD to KINWAT ORDINARY EXPRESS 06:45 CIDCO AURANGABAD to MAHUR ORDINARY…
JALNA TO DHULE,https://bustimings.in/msrtc/jalna-dhule/amp/,Dep. Time Route Name Bus service type 05:45 JALNA to UDHANA via SURAT ORDINARY EXPRESS 07:14 KARANJA to DHULE via…
HINGOLI TO YAVATMAL,https://bustimings.in/msrtc/hingoli-yavatmal/amp/,Dep. Time Route Name Bus service type 06:30 PARBHANI to CHANDRAPUR DAY ORDINARY 07:15 PARALI to RAJURA DAY ORDINARY 07:20…
HINGOLI TO WASHIM,https://bustimings.in/msrtc/hingoli-washim/amp/,Dep. Time Route Name Bus service type 05:15 NANDED to AKOLA ORDINARY EXPRESS 06:00 HYDERABAD to AKOLA DAY ORDINARY 06:30…
HINGOLI TO SOLAPUR,https://bustimings.in/msrtc/hingoli-solapur/amp/,Dep. Time Route Name Bus service type 07:00 KALAMNOORI to SOLAPUR via LATUR DAY ORDINARY 09:30 HINGOLI to SOLAPUR via…
HINGOLI TO PARBHANI,https://bustimings.in/msrtc/hingoli-parbhani/amp/,Dep. Time Route Name Bus service type 05:45 KALAMNOORI to BEED DAY ORDINARY 06:00 AMRAVATI to PANDHARPUR DAY ORDINARY 07:15…
HINGOLI TO NANDED,https://bustimings.in/msrtc/hingoli-nanded/amp/,Dep. Time Route Name Bus service type 06:30 AKOLA to HYDERABAD DAY ORDINARY 07:00 AKOLA to BHOKAR ORDINARY EXPRESS 07:00…
DHULE TO SOLAPUR,https://bustimings.in/msrtc/dhule-solapur/amp/,Dep. Time Route Name Bus service type 18:00 DHULE to SOLAPUR NIGHT EXPRESS
PUNE TO CHANDRAPUR,https://bustimings.in/msrtc/pune-chandrapur/amp/,Dep. Time Route Name Bus service type 17:30 SHIVAJI NAGAR PUNE to CHANDRAPUR via NAGPUR MULTI AXLE SCANIA
CHANDRAPUR TO PUNE,https://bustimings.in/msrtc/chandrapur-pune/amp/,Dep. Time Route Name Bus service type 19:00 CHANDRAPUR to SHIVAJI NAGAR PUNE via NAGPUR MULTI AXLE SCANIA
SHIRDI TO CHANDRAPUR,https://bustimings.in/msrtc/shirdi-chandrapur/amp/,Dep. Time Route Name Bus service type 16:00 SHIRDI to AHERI SEMI LUXURY
WARDHA TO CHANDRAPUR,https://bustimings.in/msrtc/wardha-chandrapur/amp/,Dep. Time Route Name Bus service type 06:30 WARDHA to CHANDRAPUR DAY ORDINARY 06:31 WARDHA to CHANDRAPUR ORDINARY EXPRESS 07:30…
CHANDRAPUR TO WARDHA,https://bustimings.in/msrtc/chandrapur-wardha/amp/,Dep. Time Route Name Bus service type 05:45 PALGAON FACTORY to ARVI ORDINARY EXPRESS 06:05 RAJURA to AMRAVATI ORDINARY EXPRESS…
CHANDRAPUR TO WASHIM,https://bustimings.in/msrtc/chandrapur-washim/amp/,Dep. Time Route Name Bus service type 06:45 CHANDRAPUR to RISOD DAY ORDINARY 07:15 CHANDRAPUR to WASHIM ORDINARY EXPRESS
WASHIM TO CHANDRAPUR,https://bustimings.in/msrtc/washim-chandrapur/amp/,Dep. Time Route Name Bus service type 08:30 WASHIM to CHANDRAPUR ORDINARY EXPRESS 09:00 RISOD to CHANDRAPUR ORDINARY EXPRESS
YAVATMAL TO CHANDRAPUR,https://bustimings.in/msrtc/yavatmal-chandrapur/amp/,Dep. Time Route Name Bus service type 05:30 YAVATMAL to RAJURA ORDINARY EXPRESS 06:00 NER to CHANDRAPUR ORDINARY EXPRESS 06:30…
CHANDRAPUR TO YAVATMAL,https://bustimings.in/msrtc/chandrapur-yavatmal/amp/,Dep. Time Route Name Bus service type 06:15 CHANDRAPUR to SHEGAON ORDINARY EXPRESS 06:20 CHANDRAPUR to YAVATMAL ORDINARY EXPRESS 06:40…
BHANDARA TO YAVATMAL,https://bustimings.in/msrtc/bhandara-yavatmal/amp/,Dep. Time Route Name Bus service type 05:30 TIRODA to YAVATMAL ORDINARY EXPRESS 06:15 TIRODA to YAVATMAL ORDINARY EXPRESS 06:15…
YAVATMAL TO BHANDARA,https://bustimings.in/msrtc/yavatmal-bhandara/amp/,Dep. Time Route Name Bus service type 05:30 MAHUR to TUMSAR ORDINARY EXPRESS 06:00 MAHUR to SAKOLI via WARDHA ORDINARY…
WASHIM TO BHANDARA,https://bustimings.in/msrtc/washim-bhandara/amp/,Dep. Time Route Name Bus service type 05:30 WASHIM to BHANDARA ORDINARY EXPRESS 08:00 LONAR to GONDIA via AMRAVATI ORDINARY…
BHANDARA TO WASHIM,https://bustimings.in/msrtc/bhandara-washim/amp/,Dep. Time Route Name Bus service type 06:00 GONDIA to LONAR via AMRAVATI ORDINARY EXPRESS 10:30 BHANDARA to WASHIM ORDINARY…
BHANDARA TO WARDHA,https://bustimings.in/msrtc/bhandara-wardha/amp/,Dep. Time Route Name Bus service type 05:30 TIRODA to YAVATMAL ORDINARY EXPRESS 06:15 TIRODA to YAVATMAL ORDINARY EXPRESS 06:15…
WARDHA TO BHANDARA,https://bustimings.in/msrtc/wardha-bhandara/amp/,Dep. Time Route Name Bus service type 05:30 MAHUR to TUMSAR ORDINARY EXPRESS 06:00 MAHUR to SAKOLI via WARDHA ORDINARY…
NAGPUR TO BHANDARA,https://bustimings.in/msrtc/nagpur-bhandara/amp/,Dep. Time Route Name Bus service type 05:00 NAGPUR to DEORI via BHANDARA ORDINARY EXPRESS 05:30 RAJURA to SAKOLI via…
BHANDARA TO NAGPUR,https://bustimings.in/msrtc/bhandara-nagpur/amp/,Dep. Time Route Name Bus service type 05:30 BHANDARA to KATOL ORDINARY EXPRESS 05:30 TIRODA to YAVATMAL ORDINARY EXPRESS 05:45…
BHANDARA TO GONDIA,https://bustimings.in/msrtc/bhandara-gondia/amp/,Dep. Time Route Name Bus service type 06:30 WARDHA to GONDIA ORDINARY EXPRESS 08:00 LONAR to GONDIA via AMRAVATI ORDINARY…
GONDIA TO BHANDARA,https://bustimings.in/msrtc/gondia-bhandara/amp/,Dep. Time Route Name Bus service type 06:00 GONDIA to LONAR via AMRAVATI ORDINARY EXPRESS 06:15 GONDIA to YAVATMAL ORDINARY…
CHANDRAPUR TO BHANDARA,https://bustimings.in/msrtc/chandrapur-bhandara/amp/,Dep. Time Route Name Bus service type 05:30 RAJURA to SAKOLI via NAGPUR ORDINARY EXPRESS 06:00 CHANDRAPUR to BHANDARA via…
BHANDARA TO CHANDRAPUR,https://bustimings.in/msrtc/bhandara-chandrapur/amp/,Dep. Time Route Name Bus service type 06:15 TUMSAR to RAJURA via NAGPUR DAY ORDINARY 06:30 BHANDARA to RAJURA ORDINARY…
SOLAPUR TO BEED,https://bustimings.in/msrtc/solapur-beed/amp/,Dep. Time Route Name Bus service type 07:45 SOLAPUR to MALKAPUR ORDINARY EXPRESS 11:30 SOLAPUR to BEED via WASHI ORDINARY…
BEED TO SOLAPUR,https://bustimings.in/msrtc/beed-solapur/amp/,Dep. Time Route Name Bus service type 06:30 BEED to SOLAPUR DAY ORDINARY 06:30 BEED to SOLAPUR via WASHI ORDINARY…
BEED TO SATARA,https://bustimings.in/msrtc/beed-satara/amp/,Dep. Time Route Name Bus service type 10:00 BEED to MEDHA DAY ORDINARY
SATARA TO BEED,https://bustimings.in/msrtc/satara-beed/amp/,Dep. Time Route Name Bus service type 07:45 MEDHA to BEED DAY ORDINARY
SANGLI TO BEED,https://bustimings.in/msrtc/sangli-beed/amp/,Dep. Time Route Name Bus service type 06:20 SAMBHAJI NAGAR to BEED ORDINARY EXPRESS 09:00 SANGLI to AURANGABAD via PANDHARPUR…
BEED TO SANGLI,https://bustimings.in/msrtc/beed-sangli/amp/,Dep. Time Route Name Bus service type 05:00 JALNA to KOLHAPUR via INDAPUR ORDINARY EXPRESS 07:00 AURANGABAD to SANGLI via…
BEED TO PUNE,https://bustimings.in/msrtc/beed-pune/amp/,Dep. Time Route Name Bus service type 06:00 BEED to SHIVAJI NAGAR PUNE via PATHARDI ORDINARY EXPRESS 06:30 BEED to…
PUNE TO BEED,https://bustimings.in/msrtc/pune-beed/amp/,Dep. Time Route Name Bus service type 05:30 SHIVAJI NAGAR PUNE to PARALI via BEED ORDINARY EXPRESS 05:45 CHINCHWAD to…
PARBHANI TO BEED,https://bustimings.in/msrtc/parbhani-beed/amp/,Dep. Time Route Name Bus service type 05:30 PARBHANI to BEED via MAJALGAON DAY ORDINARY 06:00 PARBHANI to BEED via…
BEED TO PARBHANI,https://bustimings.in/msrtc/beed-parbhani/amp/,Dep. Time Route Name Bus service type 05:00 BEED to KINWAT ORDINARY EXPRESS 05:30 BEED to PARBHANI ORDINARY EXPRESS 06:00…
BEED TO OSMANABAD,https://bustimings.in/msrtc/beed-osmanabad/amp/,Dep. Time Route Name Bus service type 07:45 JALNA to AKKALKOT ORDINARY EXPRESS
OSMANABAD TO BEED,https://bustimings.in/msrtc/osmanabad-beed/amp/,Dep. Time Route Name Bus service type 05:30 TULJAPUR to AURANGABAD via OSMANABAD ORDINARY EXPRESS 07:00 TULJAPUR to SHEGAON via…
NANDED TO BEED,https://bustimings.in/msrtc/nanded-beed/amp/,Dep. Time Route Name Bus service type 05:30 NANDED to BEED via GANGAKHED ORDINARY EXPRESS 07:00 NANDED to BEED via…
BEED TO NANDED,https://bustimings.in/msrtc/beed-nanded/amp/,Dep. Time Route Name Bus service type 05:30 BEED to NANDED via GANGAKHED ORDINARY EXPRESS 07:00 BEED to NANDED ORDINARY…
BEED TO LATUR,https://bustimings.in/msrtc/beed-latur/amp/,Dep. Time Route Name Bus service type 05:30 JALNA to KALABURAGI ORDINARY EXPRESS 07:45 BEED to LATUR ORDINARY EXPRESS 08:30…
LATUR TO BEED,https://bustimings.in/msrtc/latur-beed/amp/,Dep. Time Route Name Bus service type 06:00 LATUR to CIDCO AURANGABAD via BEED ORDINARY EXPRESS 06:30 LATUR to BEED…
KOLHAPUR TO BEED,https://bustimings.in/msrtc/kolhapur-beed/amp/,Dep. Time Route Name Bus service type 06:20 SAMBHAJI NAGAR to BEED ORDINARY EXPRESS 08:45 SAMBHAJINAGAR to BEED via BARSHI…
BEED TO KOLHAPUR,https://bustimings.in/msrtc/beed-kolhapur/amp/,Dep. Time Route Name Bus service type 05:00 JALNA to KOLHAPUR via INDAPUR ORDINARY EXPRESS 07:00 BEED to SAMBHAJINAGAR via…
BEED TO JALNA,https://bustimings.in/msrtc/beed-jalna/amp/,Dep. Time Route Name Bus service type 06:00 BEED to JALNA DAY ORDINARY 06:15 BEED to AMRAVATI ORDINARY EXPRESS 07:15…
JALNA TO BEED,https://bustimings.in/msrtc/jalna-beed/amp/,Dep. Time Route Name Bus service type 07:00 JALNA to BEED DAY ORDINARY 07:15 JALNA to LATUR ORDINARY EXPRESS 07:45…
HINGOLI TO BEED,https://bustimings.in/msrtc/hingoli-beed/amp/,Dep. Time Route Name Bus service type 05:45 KALAMNOORI to BEED DAY ORDINARY 07:30 UMARKHED to TARAKPUR via MAJALGAON ORDINARY…
BEED TO HINGOLI,https://bustimings.in/msrtc/beed-hingoli/amp/,Dep. Time Route Name Bus service type 05:00 BEED to KINWAT ORDINARY EXPRESS 06:00 TARAKPUR to UMARKHED via MAJALGAON ORDINARY…
BEED TO DHULE,https://bustimings.in/msrtc/beed-dhule/amp/,Dep. Time Route Name Bus service type 06:00 BEED to DHULE ORDINARY EXPRESS 14:45 PARALI to SURAT via AMBAJOGAI NIGHT…
DHULE TO BEED,https://bustimings.in/msrtc/dhule-beed/amp/,Dep. Time Route Name Bus service type 07:00 DHULE to TULJAPUR via BEED ORDINARY EXPRESS
BULDHANA TO BEED,https://bustimings.in/msrtc/buldhana-beed/amp/,Dep. Time Route Name Bus service type 05:30 MALKAPUR to SOLAPUR ORDINARY EXPRESS 08:00 BULDHANA to LATUR ORDINARY EXPRESS 08:30…
BEED TO BULDHANA,https://bustimings.in/msrtc/beed-buldhana/amp/,Dep. Time Route Name Bus service type 05:30 LATUR to BULDHANA ORDINARY EXPRESS 06:30 LATUR to BULDHANA ORDINARY EXPRESS
BEED TO MUMBAI,https://bustimings.in/msrtc/beed-mumbai/amp/,Dep. Time Route Name Bus service type 09:00 BEED to MUMBAI CENTRAL via PATHARDI ORDINARY EXPRESS 17:00 MAJALGAON to MUMBAI…
MUMBAI TO BEED,https://bustimings.in/msrtc/mumbai-beed/amp/,Dep. Time Route Name Bus service type 05:00 KURLA NEHRU NAGAR to BEED ORDINARY EXPRESS 06:31 KURLA NEHRU NAGAR to…
MUMBAI TO DHULE,https://bustimings.in/msrtc/mumbai-dhule/amp/,Dep. Time Route Name Bus service type 05:01 MUMBAI CENTRAL to DHULE via NASIK CBS DAY ORDINARY 08:31 MUMBAI CENTRAL…
DHULE TO MUMBAI,https://bustimings.in/msrtc/dhule-mumbai/amp/,Dep. Time Route Name Bus service type 15:01 DHULE to MUMBAI CENTRAL via NASIK CBS ORDINARY EXPRESS 16:15 CHOPADA to…
MUMBAI TO HINGOLI,https://bustimings.in/msrtc/mumbai-hingoli/amp/,Dep. Time Route Name Bus service type 14:00 MUMBAI CENTRAL to YAVATMAL NIGHT EXPRESS 15:30 MUMBAI CENTRAL to PUSAD NIGHT…
HINGOLI TO MUMBAI,https://bustimings.in/msrtc/hingoli-mumbai/amp/,Dep. Time Route Name Bus service type 09:00 YAVATMAL to MUMBAI CENTRAL NIGHT EXPRESS 15:00 HINGOLI to MUMBAI CENTRAL NIGHT…
JALNA TO MUMBAI,https://bustimings.in/msrtc/jalna-mumbai/amp/,Dep. Time Route Name Bus service type 07:30 JAFRABAD to KURLA NEHRU NAGAR SEMI LUXURY 09:00 YAVATMAL to MUMBAI CENTRAL…
MUMBAI TO JALNA,https://bustimings.in/msrtc/mumbai-jalna/amp/,Dep. Time Route Name Bus service type 07:45 KURLA NEHRU NAGAR to JAFRABAD SEMI LUXURY 14:00 MUMBAI CENTRAL to YAVATMAL…
MUMBAI TO KOLHAPUR,https://bustimings.in/msrtc/mumbai-kolhapur/amp/,Dep. Time Route Name Bus service type 05:00 ARNALA to KOLHAPUR via BORIVALI SUKURWADI ORDINARY EXPRESS 05:30 MUMBAI CENTRAL to…
KOLHAPUR TO MUMBAI,https://bustimings.in/msrtc/kolhapur-mumbai/amp/,Dep. Time Route Name Bus service type 08:00 RADHANAGARI to PAREL via SHIROLI ORDINARY EXPRESS 08:30 RADHANAGARI to PAREL via…
LATUR TO MUMBAI,https://bustimings.in/msrtc/latur-mumbai/amp/,Dep. Time Route Name Bus service type 14:00 NANDED to MUMBAI CENTRAL NIGHT EXPRESS 15:00 DEGLOOR to KURLA NEHRU NAGAR…
MUMBAI TO LATUR,https://bustimings.in/msrtc/mumbai-latur/amp/,Dep. Time Route Name Bus service type 17:00 KURLA NEHRU NAGAR to DEGLOOR via YAVAT NIGHT EXPRESS 17:00 MUMBAI CENTRAL…
MUMBAI TO NANDED,https://bustimings.in/msrtc/mumbai-nanded/amp/,Dep. Time Route Name Bus service type 17:00 MUMBAI CENTRAL to NANDED NIGHT EXPRESS 18:45 MUMBAI CENTRAL to NANDED NIGHT…
NANDED TO MUMBAI,https://bustimings.in/msrtc/nanded-mumbai/amp/,Dep. Time Route Name Bus service type 14:00 NANDED to MUMBAI CENTRAL NIGHT EXPRESS 16:00 NANDED to MUMBAI CENTRAL NIGHT…
NANDURBAR TO MUMBAI,https://bustimings.in/msrtc/nandurbar-mumbai/amp/,Dep. Time Route Name Bus service type 07:00 NANDURBAR to MUMBAI CENTRAL ORDINARY EXPRESS 19:45 NANDURBAR to MUMBAI CENTRAL NIGHT…
MUMBAI TO NANDURBAR,https://bustimings.in/msrtc/mumbai-nandurbar/amp/,Dep. Time Route Name Bus service type 07:30 MUMBAI CENTRAL to NANDURBAR ORDINARY EXPRESS 19:00 MUMBAI CENTRAL to AKKALKUWA via…
MUMBAI TO OSMANABAD,https://bustimings.in/msrtc/mumbai-osmanabad/amp/,Dep. Time Route Name Bus service type 07:30 MUMBAI CENTRAL to OSMANABAD via SION DAY ORDINARY
OSMANABAD TO MUMBAI,https://bustimings.in/msrtc/osmanabad-mumbai/amp/,Dep. Time Route Name Bus service type 07:00 OSMANABAD to MUMBAI CENTRAL via SION DAY ORDINARY
PARBHANI TO MUMBAI,https://bustimings.in/msrtc/parbhani-mumbai/amp/,Dep. Time Route Name Bus service type 15:00 HINGOLI to MUMBAI CENTRAL NIGHT EXPRESS 18:45 PARBHANI to MUMBAI CENTRAL SEMI…
MUMBAI TO PARBHANI,https://bustimings.in/msrtc/mumbai-parbhani/amp/,Dep. Time Route Name Bus service type 18:00 MUMBAI CENTRAL to HINGOLI NIGHT EXPRESS 18:30 MUMBAI CENTRAL to PARBHANI via…
PUNE TO MUMBAI,https://bustimings.in/msrtc/pune-mumbai/amp/,Dep. Time Route Name Bus service type 05:15 PUNE RLY. STN. to DADAR EAST via CHINCHWAD SEMI LUXURY 05:30 PUNE…
RATNAGIRI TO MUMBAI,https://bustimings.in/msrtc/ratnagiri-mumbai/amp/,Dep. Time Route Name Bus service type 10:00 RATNAGIRI to MUMBAI CENTRAL ORDINARY EXPRESS 16:30 DEVACHEGOTHANE to BORIVALI NANCY COLONY…
MUMBAI TO RATNAGIRI,https://bustimings.in/msrtc/mumbai-ratnagiri/amp/,Dep. Time Route Name Bus service type 05:30 BORIVALI NANCY COLONY to RATNAGIRI ORDINARY EXPRESS 06:30 BORIVALI NANCY COLONY to…
MUMBAI TO SATARA,https://bustimings.in/msrtc/mumbai-satara/amp/,Dep. Time Route Name Bus service type 00:05 KURLA NEHRU NAGAR to MEDHA ORDINARY EXPRESS 00:15 PAREL to NAVIN PUNADI…
SATARA TO MUMBAI,https://bustimings.in/msrtc/satara-mumbai/amp/,Dep. Time Route Name Bus service type 05:01 SATARA to PAREL SEMI LUXURY 05:30 SATARA to MUMBAI CENTRAL via KATRAJ…
SHIRDI TO MUMBAI,https://bustimings.in/msrtc/shirdi-mumbai/amp/,Dep. Time Route Name Bus service type 07:00 SHIRDI to PAREL SEMI LUXURY 17:00 SHIRDI to PAREL SEMI LUXURY 21:00…
MUMBAI TO SHIRDI,https://bustimings.in/msrtc/mumbai-shirdi/amp/,S No Dep. Time Route Name Bus service type 1 05:15 PAREL to SHIRDI SEMI LUXURY 2 06:00 PAREL to…
MUMBAI TO SOLAPUR,https://bustimings.in/msrtc/mumbai-solapur/amp/,Dep. Time Route Name Bus service type 05:46 KURLA NEHRU NAGAR to AKKALKOT DAY ORDINARY 08:00 MUMBAI CENTRAL to SOLAPUR…
SOLAPUR TO MUMBAI,https://bustimings.in/msrtc/solapur-mumbai/amp/,"Dep. Time Route Name Bus service type 08:30 SOLAPUR to MUMBAI CENTRAL ORDINARY EXPRESS 20:30 AKKALKOT to PAREL via SWARGATE,…"
YAVATMAL TO MUMBAI,https://bustimings.in/msrtc/yavatmal-mumbai/amp/,Dep. Time Route Name Bus service type 09:00 YAVATMAL to MUMBAI CENTRAL NIGHT EXPRESS
MUMBAI TO YAVATMAL,https://bustimings.in/msrtc/mumbai-yavatmal/amp/,Dep. Time Route Name Bus service type 14:00 MUMBAI CENTRAL to YAVATMAL NIGHT EXPRESS
AURANGABAD TO YAVATMAL,https://bustimings.in/msrtc/aurangabad-yavatmal/amp/,Dep. Time Route Name Bus service type 05:30 CIDCO AURANGABAD to PANDHARKAWADA via LONAR ORDINARY EXPRESS 06:00 AURANGABAD to NAGPUR…
YAVATMAL TO AURANGABAD,https://bustimings.in/msrtc/yavatmal-aurangabad/amp/,Dep. Time Route Name Bus service type 06:00 NAGPUR to AURANGABAD via YAVATMAL ORDINARY EXPRESS 06:45 PANDHARKAWADA to CIDCO AURANGABAD…
WASHIM TO AURANGABAD,https://bustimings.in/msrtc/washim-aurangabad/amp/,Dep. Time Route Name Bus service type 06:00 WASHIM to CIDCO AURANGABAD via NAVA ORDINARY EXPRESS 06:30 WASHIM to PIMPRI…
AURANGABAD TO WASHIM,https://bustimings.in/msrtc/aurangabad-washim/amp/,Dep. Time Route Name Bus service type 03:30 CIDCO AURANGABAD to WASHIM ORDINARY EXPRESS 04:30 CIDCO AURANGABAD to WASHIM via…
AURANGABAD TO WARDHA,https://bustimings.in/msrtc/aurangabad-wardha/amp/,Dep. Time Route Name Bus service type 06:00 AURANGABAD to NAGPUR via YAVATMAL ORDINARY EXPRESS 16:00 SHIRDI to AHERI SEMI…
WARDHA TO AURANGABAD,https://bustimings.in/msrtc/wardha-aurangabad/amp/,Dep. Time Route Name Bus service type 06:00 NAGPUR to AURANGABAD via YAVATMAL ORDINARY EXPRESS 06:15 WARDHA to AURANGABAD ORDINARY…
THANE TO AURANGABAD,https://bustimings.in/msrtc/thane-aurangabad/amp/,Dep. Time Route Name Bus service type 06:45 THANE CBS to AURANGABAD ORDINARY EXPRESS 07:00 ARNALA to AURANGABAD via THANE…
AURANGABAD TO THANE,https://bustimings.in/msrtc/aurangabad-thane/amp/,Dep. Time Route Name Bus service type 08:15 AURANGABAD to ARNALA via THANE CBS DAY ORDINARY 09:00 YAVATMAL to MUMBAI…
AURANGABAD TO SOLAPUR,https://bustimings.in/msrtc/aurangabad-solapur/amp/,Dep. Time Route Name Bus service type 05:00 AURANGABAD to SOLAPUR ORDINARY EXPRESS 06:00 CIDCO AURANGABAD to SOLAPUR ORDINARY EXPRESS…
SOLAPUR TO AURANGABAD,https://bustimings.in/msrtc/solapur-aurangabad/amp/,Dep. Time Route Name Bus service type 05:00 SOLAPUR to CIDCO AURANGABAD ORDINARY EXPRESS 06:00 SOLAPUR to CIDCO AURANGABAD ORDINARY…
SHIRDI TO AURANGABAD,https://bustimings.in/msrtc/shirdi-aurangabad/amp/,Dep. Time Route Name Bus service type 06:15 SHIRDI to SHEGAON via AURANGABAD ORDINARY EXPRESS 08:30 SHIRDI to WASHIM ORDINARY…
AURANGABAD TO SHIRDI,https://bustimings.in/msrtc/aurangabad-shirdi/amp/,Dep. Time Route Name Bus service type 08:30 WASHIM to SHIRDI ORDINARY EXPRESS 09:15 SHEGAON to SHIRDI via AURANGABAD DAY…
AURANGABAD TO SATARA,https://bustimings.in/msrtc/aurangabad-satara/amp/,Dep. Time Route Name Bus service type 05:00 CIDCO AURANGABAD to PALUS ORDINARY EXPRESS 06:15 AURANGABAD to KOLHAPUR ORDINARY EXPRESS…
SATARA TO AURANGABAD,https://bustimings.in/msrtc/satara-aurangabad/amp/,"Dep. Time Route Name Bus service type 04:30 KOLHAPUR to AURANGABAD via SWARGATE, PUNE SEMI LUXURY 07:30 PALUS to CIDCO…"
SANGLI TO AURANGABAD,https://bustimings.in/msrtc/sangli-aurangabad/amp/,Dep. Time Route Name Bus service type 06:15 SANGLI to CIDCO AURANGABAD via SHIVAJI NAGAR PUNE ORDINARY EXPRESS 08:15 SANGLI…
AURANGABAD TO SANGLI,https://bustimings.in/msrtc/aurangabad-sangli/amp/,Dep. Time Route Name Bus service type 05:45 CIDCO AURANGABAD to SANGLI via BARAMATI ORDINARY EXPRESS 06:30 CIDCO AURANGABAD to…
AURANGABAD TO PUNE,https://bustimings.in/msrtc/aurangabad-pune/amp/,Dep. Time Route Name Bus service type 00:01 AURANGABAD to SHIVAJI NAGAR PUNE via AHMEDNAGAR MALIWADA SEMI LUXURY 00:30 AURANGABAD…
PUNE TO AURANGABAD,https://bustimings.in/msrtc/pune-aurangabad/amp/,Dep. Time Route Name Bus service type 00:00 SHIVAJI NAGAR PUNE to AURANGABAD via TARAKPUR SEMI LUXURY 00:01 SHIVAJI NAGAR…
PARBHANI TO AURANGABAD,https://bustimings.in/msrtc/parbhani-aurangabad/amp/,Dep. Time Route Name Bus service type 05:30 PARBHANI to AURANGABAD DAY ORDINARY 06:15 BASMAT to AURANGABAD DAY ORDINARY 06:15…
AURANGABAD TO PARBHANI,https://bustimings.in/msrtc/aurangabad-parbhani/amp/,Dep. Time Route Name Bus service type 06:30 AURANGABAD to PARBHANI ORDINARY EXPRESS 07:00 CIDCO AURANGABAD to DHARMABAD ORDINARY EXPRESS…
AURANGABAD TO OSMANABAD,https://bustimings.in/msrtc/aurangabad-osmanabad/amp/,Dep. Time Route Name Bus service type 05:00 AURANGABAD to SOLAPUR ORDINARY EXPRESS 06:00 CIDCO AURANGABAD to SOLAPUR ORDINARY EXPRESS…
OSMANABAD TO AURANGABAD,https://bustimings.in/msrtc/osmanabad-aurangabad/amp/,Dep. Time Route Name Bus service type 05:30 OSMANABAD to AURANGABAD via WASHI DAY ORDINARY 05:30 TULJAPUR to AURANGABAD via…
NASIK TO AURANGABAD,https://bustimings.in/msrtc/nasik-aurangabad/amp/,Dep. Time Route Name Bus service type 04:00 NASIK CBS to KALAMNOORI via AURANGABAD DAY ORDINARY 05:00 NASIK CBS to…
AURANGABAD TO NASIK,https://bustimings.in/msrtc/aurangabad-nasik/amp/,Dep. Time Route Name Bus service type 06:00 AURANGABAD to NASIK CBS via LASUR RLY. STN. SEMI LUXURY 06:30 AURANGABAD…
AURANGABAD TO NANDURBAR,https://bustimings.in/msrtc/aurangabad-nandurbar/amp/,Dep. Time Route Name Bus service type 04:45 AURANGABAD to NANDURBAR via DHULE ORDINARY EXPRESS 16:45 AURANGABAD to NANDURBAR via…
NANDURBAR TO AURANGABAD,https://bustimings.in/msrtc/nandurbar-aurangabad/amp/,Dep. Time Route Name Bus service type 08:00 NANDURBAR to AURANGABAD via DHULE ORDINARY EXPRESS 21:00 NANDURBAR to AURANGABAD via…
NANDED TO AURANGABAD,https://bustimings.in/msrtc/nanded-aurangabad/amp/,Dep. Time Route Name Bus service type 06:15 KANDHAR to CIDCO AURANGABAD via NANDED ORDINARY EXPRESS 08:00 DEGLOOR to CIDCO…
AURANGABAD TO NANDED,https://bustimings.in/msrtc/aurangabad-nanded/amp/,Dep. Time Route Name Bus service type 07:00 CIDCO AURANGABAD to DHARMABAD ORDINARY EXPRESS 07:15 CIDCO AURANGABAD to DEGLOOR…
AURANGABAD TO NAGPUR,https://bustimings.in/msrtc/aurangabad-nagpur/amp/,Dep. Time Route Name Bus service type 05:50 AURANGABAD to NAGPUR SEMI LUXURY 06:00 AURANGABAD to NAGPUR via YAVATMAL ORDINARY…
NAGPUR TO AURANGABAD,https://bustimings.in/msrtc/nagpur-aurangabad/amp/,Dep. Time Route Name Bus service type 04:30 NAGPUR to CIDCO AURANGABAD ORDINARY EXPRESS 06:00 NAGPUR to AURANGABAD via YAVATMAL…
MUMBAI TO AURANGABAD,https://bustimings.in/msrtc/mumbai-aurangabad/amp/,Dep. Time Route Name Bus service type 05:30 DADAR EAST to AURANGABAD via SHIVAJI NAGAR PUNE AC-SHIVNERI 06:30 DADAR EAST…
AURANGABAD TO MUMBAI,https://bustimings.in/msrtc/aurangabad-mumbai/amp/,Dep. Time Route Name Bus service type 07:30 JAFRABAD to KURLA NEHRU NAGAR SEMI LUXURY 08:15 AURANGABAD to DADAR EAST…
LATUR TO AURANGABAD,https://bustimings.in/msrtc/latur-aurangabad/amp/,Dep. Time Route Name Bus service type 04:30 LATUR to CIDCO AURANGABAD ORDINARY EXPRESS 04:30 LATUR to CIDCO AURANGABAD via…
AURANGABAD TO LATUR,https://bustimings.in/msrtc/aurangabad-latur/amp/,Dep. Time Route Name Bus service type 04:30 LATUR to CIDCO AURANGABAD ORDINARY EXPRESS 04:30 LATUR to CIDCO AURANGABAD via…
KOLHAPUR TO AURANGABAD,https://bustimings.in/msrtc/kolhapur-aurangabad/amp/,"Dep. Time Route Name Bus service type 04:30 KOLHAPUR to AURANGABAD via SWARGATE, PUNE SEMI LUXURY 05:30 KOLHAPUR to SHEGAON…"
AURANGABAD TO KOLHAPUR,https://bustimings.in/msrtc/aurangabad-kolhapur/amp/,"Dep. Time Route Name Bus service type 06:15 AURANGABAD to KOLHAPUR ORDINARY EXPRESS 06:15 AURANGABAD to KOLHAPUR via SWARGATE, PUNE…"
AURANGABAD TO JALNA,https://bustimings.in/msrtc/aurangabad-jalna/amp/,Dep. Time Route Name Bus service type 04:00 AURANGABAD to AMRAVATI DAY ORDINARY 05:00 NASIK CBS to WASHIM via MEHKAR…
JALNA TO AURANGABAD,https://bustimings.in/msrtc/jalna-aurangabad/amp/,Dep. Time Route Name Bus service type 06:15 AKOT to AURANGABAD ORDINARY EXPRESS 06:30 JAFRABAD to CIDCO AURANGABAD DAY ORDINARY…
JALGOAN TO AURANGABAD,https://bustimings.in/msrtc/jalgoan-aurangabad/amp/,Dep. Time Route Name Bus service type 05:15 JALGAON to AURANGABAD ORDINARY EXPRESS 05:45 JALGAON to MAHAD ORDINARY EXPRESS 06:15…
AURANGABAD TO JALGAON,https://bustimings.in/msrtc/aurangabad-jalgaon/amp/,Dep. Time Route Name Bus service type 05:00 AURANGABAD to BRAHANPUR ORDINARY EXPRESS 05:00 AURANGABAD to JALGAON via PHULAMBARI ORDINARY…
AURANGABAD TO HINGOLI,https://bustimings.in/msrtc/aurangabad-hingoli/amp/,Dep. Time Route Name Bus service type 06:00 CIDCO AURANGABAD to KINWAT ORDINARY EXPRESS 06:45 CIDCO AURANGABAD to MAHUR ORDINARY…
HINGOLI TO AURANGABAD,https://bustimings.in/msrtc/hingoli-aurangabad/amp/,Dep. Time Route Name Bus service type 06:00 HINGOLI to SHIVAJI NAGAR PUNE DAY ORDINARY 06:00 KINWAT to CIDCO AURANGABAD…
DHULE TO AURANGABAD,https://bustimings.in/msrtc/dhule-aurangabad/amp/,Dep. Time Route Name Bus service type 05:45 DHULE to AURANGABAD via KASABKHEDA ORDINARY EXPRESS 06:01 DHULE to KARANJA via…
AURANGABAD TO DHULE,https://bustimings.in/msrtc/aurangabad-dhule/amp/,Dep. Time Route Name Bus service type 00:30 AURANGABAD to SHAHADA ORDINARY EXPRESS 03:30 AURANGABAD to SHINDKHEDA ORDINARY EXPRESS 05:45…
AURANGABAD TO CHANDRAPUR,https://bustimings.in/msrtc/aurangabad-chandrapur/amp/,Dep. Time Route Name Bus service type 16:00 SHIRDI to AHERI SEMI LUXURY 17:30 SHIVAJI NAGAR PUNE to CHANDRAPUR via…
CHANDRAPUR TO AURANGABAD,https://bustimings.in/msrtc/chandrapur-aurangabad/amp/,Dep. Time Route Name Bus service type 19:00 CHANDRAPUR to SHIVAJI NAGAR PUNE via NAGPUR MULTI AXLE SCANIA
BULDHANA TO AURANGABAD,https://bustimings.in/msrtc/buldhana-aurangabad/amp/,Dep. Time Route Name Bus service type 05:30 BULDHANA to AURANGABAD via MAHORA ORDINARY EXPRESS 06:15 BULDHANA to AURANGABAD via…
AURANGABAD TO BULDHANA,https://bustimings.in/msrtc/aurangabad-buldhana/amp/,Dep. Time Route Name Bus service type 05:30 AURANGABAD to BULDHANA ORDINARY EXPRESS 06:15 AURANGABAD to MALKAPUR via FULAMBRI ORDINARY…
AURANGABAD TO BHANDARA,https://bustimings.in/msrtc/aurangabad-bhandara/amp/,Dep. Time Route Name Bus service type 09:05 AURANGABAD to SAKOLI ORDINARY EXPRESS
BHANDARA TO AURANGABAD,https://bustimings.in/msrtc/bhandara-aurangabad/amp/,Dep. Time Route Name Bus service type 08:00 SAKOLI to AURANGABAD ORDINARY EXPRESS
BEED TO AURANGABAD,https://bustimings.in/msrtc/beed-aurangabad/amp/,Dep. Time Route Name Bus service type 05:30 AMBAJOGAI to CIDCO AURANGABAD via KAIJ ORDINARY EXPRESS 05:30 PARALI to CIDCO…
AURANGABAD TO BEED,https://bustimings.in/msrtc/aurangabad-beed/amp/,Dep. Time Route Name Bus service type 05:30 CIDCO AURANGABAD to AHMADPUR via AMBAJOGAI DAY ORDINARY 05:45 CIDCO AURANGABAD to…
NANDED TO AMRAVATI,https://bustimings.in/msrtc/nanded-amravati-2/amp/,Dep. Time Route Name Bus service type 05:00 LATUR to AMRAVATI via AHMADPUR ORDINARY EXPRESS 05:00 NANDED to AMRAVATI via…
AMRAVATI TO NANDED,https://bustimings.in/msrtc/amravati-nanded/amp/,Dep. Time Route Name Bus service type 05:30 AMRAVATI to KANDHAR ORDINARY EXPRESS 07:15 AMRAVATI to DHARMABAD ORDINARY EXPRESS 07:30…
AMRAVATI TO LATUR,https://bustimings.in/msrtc/amravati-latur/amp/,Dep. Time Route Name Bus service type 07:30 AMRAVATI to AUSA via NANDED ORDINARY EXPRESS 09:00 AMRAVATI to LATUR via…
LATUR TO AMRAVATI,https://bustimings.in/msrtc/latur-amravati/amp/,Dep. Time Route Name Bus service type 05:00 LATUR to AMRAVATI via AHMADPUR ORDINARY EXPRESS 07:30 AUSA to AMRAVATI via…
JALGAON TO AMRAVATI,https://bustimings.in/msrtc/jalgaon-amravati/amp/,Dep. Time Route Name Bus service type 07:30 JALGAON to WARDHA ORDINARY EXPRESS
AMRAVATI TO JALGAON,https://bustimings.in/msrtc/amravati-jalgaon/amp/,Dep. Time Route Name Bus service type 06:30 AMRAVATI to NASIK CBS via JALGAON ORDINARY EXPRESS 11:00 WARDHA to JALGAON…
AMRAVATI TO HINGOLI,https://bustimings.in/msrtc/amravati-hingoli/amp/,Dep. Time Route Name Bus service type 05:30 AMRAVATI to KANDHAR ORDINARY EXPRESS 06:00 AMRAVATI to PANDHARPUR DAY ORDINARY 07:15…
HINGOLI TO AMRAVATI,https://bustimings.in/msrtc/hingoli-amravati/amp/,Dep. Time Route Name Bus service type 05:00 LATUR to AMRAVATI via AHMADPUR ORDINARY EXPRESS 06:00 KANDHAR to AMRAVATI ORDINARY…
GONDIA TO AMRAVATI,https://bustimings.in/msrtc/gondia-amravati/amp/,Dep. Time Route Name Bus service type 12:00 GONDIA to AMRAVATI ORDINARY EXPRESS 15:30 GONDIA to AMRAVATI ORDINARY EXPRESS
AMRAVATI TO GONDIA,https://bustimings.in/msrtc/amravati-gondia/amp/,Dep. Time Route Name Bus service type 05:20 AMRAVATI to GONDIA ORDINARY EXPRESS 09:05 AMRAVATI to GONDIA ORDINARY EXPRESS
AMRAVATI TO GADCHIROLI,https://bustimings.in/msrtc/amravati-gadchiroli/amp/,Dep. Time Route Name Bus service type 09:00 SHEGAON to GADCHIROLI via NAGPUR ORDINARY EXPRESS
GADCHIROLI TO AMRAVATI,https://bustimings.in/msrtc/gadchiroli-amravati/amp/,Dep. Time Route Name Bus service type 10:15 GADCHIROLI to SHEGAON via NAGPUR ORDINARY EXPRESS
CHANDRAPUR TO AMRAVATI,https://bustimings.in/msrtc/chandrapur-amravati/amp/,Dep. Time Route Name Bus service type 06:05 RAJURA to AMRAVATI ORDINARY EXPRESS 06:14 CHANDRAPUR to AMRAVATI ORDINARY EXPRESS 06:40…
AMRAVATI TO CHANDRAPUR,https://bustimings.in/msrtc/amravati-chandrapur/amp/,Dep. Time Route Name Bus service type 07:05 PARATWADA to CHANDRAPUR via YAVATMAL ORDINARY EXPRESS 07:30 SHEGAON to AHERI ORDINARY…
AMRAVATI TO BULDHANA,https://bustimings.in/msrtc/amravati-buldhana/amp/,Dep. Time Route Name Bus service type 06:15 MORSHI to BULDHANA via RAHAT GAON ORDINARY EXPRESS 06:30 AMRAVATI to BULDHANA…
BULDHANA TO AMRAVATI,https://bustimings.in/msrtc/buldhana-amravati/amp/,Dep. Time Route Name Bus service type 06:30 BULDHANA to AMRAVATI DAY ORDINARY 07:01 BULDHANA to WARDHA ORDINARY EXPRESS 08:00…
BHANDARA TO AMRAVATI,https://bustimings.in/msrtc/bhandara-amravati/amp/,Dep. Time Route Name Bus service type 05:45 SAKOLI to PARATWADA ORDINARY EXPRESS 07:45 BHANDARA to PARATWADA via AMRAVATI ORDINARY…
AMRAVATI TO BHANDARA,https://bustimings.in/msrtc/amravati-bhandara/amp/,Dep. Time Route Name Bus service type 05:20 AMRAVATI to GONDIA ORDINARY EXPRESS 05:30 WASHIM to BHANDARA ORDINARY EXPRESS 07:15…
AMRAVATI TO BEED,https://bustimings.in/msrtc/amravati-beed/amp/,Dep. Time Route Name Bus service type 09:00 AMRAVATI to BEED ORDINARY EXPRESS
BEED TO AMRAVATI,https://bustimings.in/msrtc/beed-amravati/amp/,Dep. Time Route Name Bus service type 06:15 BEED to AMRAVATI ORDINARY EXPRESS 08:15 BEED to AMRAVATI ORDINARY EXPRESS
AMRAVATI TO AURANGABAD,https://bustimings.in/msrtc/amravati-aurangabad/amp/,Dep. Time Route Name Bus service type 06:15 WARDHA to AURANGABAD ORDINARY EXPRESS 07:15 AMRAVATI to AURANGABAD via BALAPUR ORDINARY…
NAGPUR TO AMRAVATI,https://bustimings.in/msrtc/nagpur-amravati-2/amp/,Dep. Time Route Name Bus service type 05:00 NAGPUR to AKOLA ORDINARY EXPRESS 05:30 NAGPUR to TELHARA via AKOT ORDINARY…
NASIK TO AMRAVATI,https://bustimings.in/msrtc/nasik-amravati/amp/,Dep. Time Route Name Bus service type 05:30 NASIK CBS to AMRAVATI via JALGAON ORDINARY EXPRESS
AMRAVATI TO NASIK,https://bustimings.in/msrtc/amravati-nasik/amp/,Dep. Time Route Name Bus service type 06:30 AMRAVATI to NASIK CBS via JALGAON ORDINARY EXPRESS
AMRAVATI TO PARBHANI,https://bustimings.in/msrtc/amravati-parbhani/amp/,Dep. Time Route Name Bus service type 06:00 AMRAVATI to PANDHARPUR DAY ORDINARY 10:00 AMRAVATI to AMBAJOGAI ORDINARY EXPRESS 10:30…
PARBHANI TO AMRAVATI,https://bustimings.in/msrtc/parbhani-amravati/amp/,Dep. Time Route Name Bus service type 06:45 PANDHARPUR to AMRAVATI DAY ORDINARY 07:45 PARBHANI to WARUD ORDINARY EXPRESS 17:30…
PUNE TO AMRAVATI,https://bustimings.in/msrtc/pune-amravati/amp/,Dep. Time Route Name Bus service type 05:00 SANGVI STAND to AMRAVATI via KHAMGAON ORDINARY EXPRESS 13:00 SHIVAJI NAGAR PUNE…
AMRAVATI TO PUNE,https://bustimings.in/msrtc/amravati-pune/amp/,Dep. Time Route Name Bus service type 08:00 AMRAVATI to SANGVI STAND via KHAMGAON ORDINARY EXPRESS 13:00 NAGPUR to SHIVAJI…
SHIRDI TO AMRAVATI,https://bustimings.in/msrtc/shirdi-amravati/amp/,Dep. Time Route Name Bus service type 16:00 SHIRDI to AHERI SEMI LUXURY
WARDHA TO AMRAVATI,https://bustimings.in/msrtc/wardha-amravati/amp/,Dep. Time Route Name Bus service type 05:45 WARDHA to AMRAVATI DAY ORDINARY 06:05 RAJURA to AMRAVATI ORDINARY EXPRESS 06:14…
AMRAVATI TO WARDHA,https://bustimings.in/msrtc/amravati-wardha/amp/,Dep. Time Route Name Bus service type 06:50 SHEGAON to HINGANGHAT ORDINARY EXPRESS 07:01 BULDHANA to WARDHA ORDINARY EXPRESS 07:30…
AMRAVATI TO WASHIM,https://bustimings.in/msrtc/amravati-washim/amp/,Dep. Time Route Name Bus service type 06:00 AMRAVATI to PANDHARPUR DAY ORDINARY 07:30 AMRAVATI to WASHIM ORDINARY EXPRESS 08:00…