Aade,
Achalpur,
"Aheri, Gadchiroli",
Ajara (India),
Akkalkot,
Akkalkuwa,
Akola,
Akola Bazar,
Akole taluka,
Akot,
Alibag,
Alibag taluka,
Amalner,
Ambad,
Ambajogai,
Ambarnath,
Ambarnath taluka,
Ambegaon taluka,
Amgaon,
Amravati,
Andheri,
Anjangaon,
Ardhapur,
Arjuni Morgaon,
Arjuni-Morgaon taluka,
Armori,
"Arni, Maharashtra",
"Arvi, Wardha",
"Ashti, Beed",
"Ashti, Wardha",
Atpadi,
Aundha Nagnath,
Aurangabad,
Ausa,
Chakur,
Chalisgaon,
Chamorshi,
Chandgad,
Chandrapur,
"Chandur, Maharashtra",
Chandurbazar,
Chandwad,
Chikhaldara,
"Chikhli, Maharashtra",
Chimur,
Chiplun,
Chopda,
Erandol,
Etapalli,
Hadgaon,
Harali,
Hatkanangale,
Himayatnagar taluka,
"Himayatnagar, Maharashtra",
Hinganghat,
Hingna,
Hingoli,
"Jafrabad, Jalna",
Jalgaon,
Jalgaon Jamod,
Jalkot,
Jamkhed taluka,
Jamner,
Jaoli,
"Jat, Sangli",
Jawahar taluka,
"Jawali Taluka, Maharashtra",
Jintur,
Jiwati,
Juni Wadsa,
Junnar taluka,
Karmala,
"Karvir, Kolhapur",
Katol taluka,
Kavathe-Mahankal,
Kelapur,
Khalapur,
Khalapur taluka,
Khanapur (Vita),
Khatav,
Khed taluka,
"Khed, Ratnagiri",
Khuldabad,
Kinwat,
Kinwat taluka,
Kopargaon,
Kopargaon taluka,
Korchi,
Koregaon,
Koregaon Taluka,
Korpana,
Kudal,
Kudal taluka,
Kuhi,
"Kule, Sangameshwar",
Kundal,
Kurkheda,
Kurla,
Babhulgaon,
Badnapur,
Baglan taluka,
"Balapur, Akola district",
Ballarpur,
Baramati taluka,
Barshi,
Barshitakli,
Basmath,
Beed,
"Bhadgaon, Maharashtra",
"Bhadravati, Maharashtra",
Bhamragad,
Bhandara,
Bhandara Taluka,
Bhatkuli,
Bhiwandi,
Bhiwandi taluka,
Bhokar,
Bhokar taluka,
Bhokardan,
Bhoom,
Bhoom Tahsil,
Bhor taluk,
Bhudargad,
Bhusawal,
Bilgaon,
Biloli taluka,
Bodwad,
Borivali,
Buldhana,
Dahanu,
Dahanu taluka,
Dapoli,
Darwha,
Daryapur,
Dattapur Dhamangaon,
Daund taluka,
Deglur,
Deola,
"Deoli, Maharashtra",
Deoni,
"Deori, Gondia",
Desaiganj,
Deulgaon Raja,
Devgad taluka,
Dhadgaon,
Dhanora,
Dharangaon,
Dharmabad taluka,
"Dharni, Amravati",
"Dharur, Beed",
Dhule,
Digras,
"Dindori, Maharashtra",
Dodamarg taluka,
Dombivli,
Gadhinglaj,
Gadhinglaj Taluka,
Gaganbawada,
Gangakhed,
"Gangapur, Maharashtra",
Gevrai,
Ghansawangi,
Ghatanji,
Gondia,
Gondpipari,
"Goregaon, Gondia",
Guhagar,
Igatpuri,
Indapur taluka,
Lakhandur,
Lakhandur Taluka,
Kadegaon,
Kadgaon,
Kagal,
Kaij,
Kalamb Tahsil,
"Kalamb, Osmanabad",
"Kalamb, Yavatmal",
Kalameshwar,
Kalamnuri,
Kalwan,
Kalyan,
Kalyan taluka,
"Kalyanpur, Maharashtra",
Kamptee taluka,
Kandhar,
Kandhar taluka,
Kankavli,
Kankavli taluka,
Kannad,
Karad,
Karanja Lad,
"Karanja, Wardha",
Karawadi,
Karjat taluka,
"Karjat taluka, Raigad",
,
,
,
,
,
,
, 
